,,,
,,,
,,,
,1450374118,47.04,24
,1450374247,59.35,99
,1450374377,51.48,40
,1450374565,47.04,24
,1450444998,53.06,48
,1450445127,47.04,24
,1450445256,37.5,8
,1450445385,33.42,5
,1450445514,35,6
,1450445643,35,6
,1450445772,33.42,5
,1450445901,46.67,23
,1450446030,35,6
,1450446159,35,6
,1450446288,33.42,5
,1450446417,35,6
,1450446546,35,6
,1450446675,36.34,7
,1450446804,35,6
,1450446933,35,6
,1450447062,33.42,5
,1450447191,41.72,13
,1450447320,35,6
,1450447449,42.36,14
,1450447578,38.52,9
,1450447707,42.36,14
,1450447836,39.44,10
,1450447965,41.02,12
,1450448094,33.42,5
,1450448223,35,6
,1450448352,36.34,7
,1450448481,37.5,8
,1450448610,41.02,12
,1450448739,42.36,14
,1450448868,36.34,7
,1450448997,37.5,8
,1450449126,35,6
,1450449255,35,6
,1450449384,48.38,28
,1450449513,35,6
,1450449642,37.5,8
,1450449771,33.42,5
,1450449900,37.5,8
,1450450029,36.34,7
,1450450157,38.52,9
,1450450286,36.34,7
,1450450415,37.5,8
,1450450544,38.52,9
,1450450673,38.52,9
,1450450802,35,6
,1450450931,35,6
,1450451060,33.42,5
,1450451189,33.42,5
,1450451318,36.34,7
,1450451447,35,6
,1450451576,33.42,5
,1450451705,39.44,10
,1450451834,35,6
,1450451963,36.34,7
,1450452092,35,6
,1450452221,36.34,7
,1450452350,36.34,7
,1450452479,35,6
,1450452607,36.34,7
,1450452736,35,6
,1450452865,35,6
,1450452994,36.34,7
,1450453123,45.46,20
,1450453252,35,6
,1450453381,36.34,7
,1450453510,35,6
,1450453639,37.5,8
,1450453768,36.34,7
,1450453897,37.5,8
,1450454026,40.26,11
,1450454155,42.36,14
,1450454284,35,6
,1450454412,37.5,8
,1450454541,36.34,7
,1450454670,37.5,8
,1450454799,36.34,7
,1450454928,37.5,8
,1450455057,42.36,14
,1450455186,36.34,7
,1450455315,43.52,16
,1450455444,38.52,9
,1450455573,40.26,11
,1450455702,39.44,10
,1450455831,39.44,10
,1450455960,36.34,7
,1450456089,36.34,7
,1450456217,36.34,7
,1450456346,35,6
,1450456475,39.44,10
,1450456604,41.02,12
,1450456733,33.42,5
,1450456862,39.44,10
,1450456991,39.44,10
,1450457120,38.52,9
,1450457249,40.26,11
,1450457378,46.29,22
,1450457507,41.02,12
,1450457636,47.04,24
,1450457765,37.5,8
,1450457893,44.05,17
,1450458022,36.34,7
,1450458151,37.5,8
,1450458280,46.67,23
,1450458409,51.26,39
,1450458538,38.52,9
,1450458667,37.5,8
,1450458796,41.02,12
,1450458925,37.5,8
,1450459054,40.26,11
,1450459183,39.44,10
,1450459312,50.56,36
,1450459441,53.06,48
,1450459570,36.34,7
,1450459698,33.42,5
,1450459827,46.67,23
,1450459956,35,6
,1450460085,41.02,12
,1450460214,45.01,19
,1450460343,37.5,8
,1450460472,42.96,15
,1450460601,36.34,7
,1450460730,35,6
,1450460859,37.5,8
,1450460988,35,6
,1450461117,39.44,10
,1450461246,38.52,9
,1450461374,36.34,7
,1450461503,38.52,9
,1450461632,35,6
,1450461761,33.42,5
,1450461890,33.42,5
,1450462019,40.26,11
,1450462148,36.34,7
,1450462277,39.44,10
,1450462406,35,6
,1450462535,45.88,21
,1450462664,37.5,8
,1450462793,39.44,10
,1450462921,39.44,10
,1450463050,33.42,5
,1450463179,37.5,8
,1450463308,37.5,8
,1450463437,37.5,8
,1450463566,37.5,8
,1450463695,37.5,8
,1450463824,35,6
,1450463953,48.98,30
,1450464082,35,6
,1450464211,35,6
,1450464340,38.52,9
,1450464468,45.01,19
,1450464597,36.34,7
,1450464726,39.44,10
,1450464855,37.5,8
,1450464984,41.72,13
,1450465113,35,6
,1450465242,44.05,17
,1450465371,33.42,5
,1450465500,35,6
,1450465629,35,6
,1450465758,48.38,28
,1450465886,33.42,5
,1450466015,33.42,5
,1450466144,35,6
,1450466273,37.5,8
,1450466402,33.42,5
,1450466531,33.42,5
,1450466660,45.01,19
,1450466789,45.88,21
,1450466918,35,6
,1450467047,39.44,10
,1450467175,37.5,8
,1450467304,36.34,7
,1450467433,41.02,12
,1450467562,38.52,9
,1450467691,39.44,10
,1450467820,38.52,9
,1450467949,35,6
,1450468078,41.02,12
,1450468207,37.5,8
,1450468336,33.42,5
,1450468464,33.42,5
,1450468593,39.44,10
,1450468722,36.34,7
,1450468851,38.52,9
,1450468980,36.34,7
,1450469109,48.06,27
,1450469238,51.26,39
,1450469367,37.5,8
,1450469496,36.34,7
,1450469624,37.5,8
,1450469753,35,6
,1450469882,37.5,8
,1450470011,35,6
,1450470140,39.44,10
,1450470269,41.02,12
,1450470398,39.44,10
,1450470527,39.44,10
,1450470656,38.52,9
,1450470784,41.02,12
,1450470913,43.52,16
,1450471042,36.34,7
,1450471171,36.34,7
,1450471300,38.52,9
,1450471429,37.5,8
,1450471558,37.5,8
,1450471687,33.42,5
,1450471816,33.42,5
,1450471944,37.5,8
,1450472073,42.36,14
,1450472202,37.5,8
,1450472331,35,6
,1450472460,36.34,7
,1450472589,36.34,7
,1450472718,39.44,10
,1450472847,38.52,9
,1450472976,37.5,8
,1450473104,38.52,9
,1450473233,47.74,26
,1450473362,39.44,10
,1450473491,36.34,7
,1450473620,38.52,9
,1450473749,40.26,11
,1450473878,43.52,16
,1450474007,36.34,7
,1450474136,40.26,11
,1450474264,40.26,11
,1450474393,41.02,12
,1450474522,42.96,15
,1450474651,38.52,9
,1450474780,35,6
,1450474909,36.34,7
,1450475038,36.34,7
,1450475167,38.52,9
,1450475296,39.44,10
,1450475424,44.05,17
,1450475553,42.36,14
,1450475682,45.01,19
,1450475811,41.72,13
,1450475940,45.01,19
,1450476069,37.5,8
,1450476198,44.05,17
,1450476327,38.52,9
,1450476456,40.26,11
,1450476585,36.34,7
,1450476713,37.5,8
,1450476842,37.5,8
,1450476971,39.44,10
,1450477100,38.52,9
,1450477229,38.52,9
,1450477358,39.44,10
,1450477487,38.52,9
,1450477616,36.34,7
,1450477745,41.02,12
,1450477873,41.72,13
,1450478002,40.26,11
,1450478131,36.34,7
,1450478260,38.52,9
,1450478389,38.52,9
,1450478518,38.52,9
,1450478647,40.26,11
,1450478776,38.52,9
,1450478905,40.26,11
,1450479034,39.44,10
,1450479162,43.52,16
,1450479291,40.26,11
,1450479420,44.54,18
,1450479549,39.44,10
,1450479678,38.52,9
,1450479807,38.52,9
,1450479936,39.44,10
,1450480065,40.26,11
,1450480194,40.26,11
,1450480323,39.44,10
,1450480451,42.36,14
,1450480580,41.02,12
,1450480709,38.52,9
,1450480838,43.52,16
,1450480967,39.44,10
,1450481096,41.02,12
,1450481225,39.44,10
,1450481354,37.5,8
,1450481483,35,6
,1450481611,39.44,10
,1450481740,40.26,11
,1450481869,42.96,15
,1450481998,47.4,25
,1450482127,35,6
,1450482256,35,6
,1450482385,36.34,7
,1450482514,35,6
,1450482643,36.34,7
,1450482772,36.34,7
,1450482900,39.44,10
,1450483029,36.34,7
,1450483158,38.52,9
,1450483287,35,6
,1450483416,38.52,9
,1450483545,39.44,10
,1450483674,38.52,9
,1450483803,37.5,8
,1450483932,40.26,11
,1450484061,35,6
,1450484189,40.26,11
,1450484318,38.52,9
,1450484447,35,6
,1450484576,35,6
,1450484705,38.52,9
,1450484834,35,6
,1450484963,33.42,5
,1450485092,41.02,12
,1450485221,37.5,8
,1450485350,31.48,4
,1450485478,33.42,5
,1450485607,31.48,4
,1450485736,40.26,11
,1450485865,33.42,5
,1450485994,33.42,5
,1450486123,36.34,7
,1450486252,35,6
,1450486381,42.36,14
,1450486510,35,6
,1450486638,41.02,12
,1450486767,41.02,12
,1450486896,38.52,9
,1450487025,37.5,8
,1450487154,44.05,17
,1450487283,33.42,5
,1450487412,39.44,10
,1450487541,35,6
,1450487670,35,6
,1450487798,43.52,16
,1450487927,35,6
,1450488056,33.42,5
,1450488185,33.42,5
,1450488314,38.52,9
,1450488443,35,6
,1450488572,38.52,9
,1450488701,36.34,7
,1450488830,37.5,8
,1450488958,36.34,7
,1450489087,40.26,11
,1450489216,35,6
,1450489345,36.34,7
,1450489474,33.42,5
,1450489603,33.42,5
,1450489732,33.42,5
,1450489861,33.42,5
,1450489990,36.34,7
,1450490118,36.34,7
,1450490247,52.11,43
,1450490376,36.34,7
,1450490505,41.02,12
,1450490634,39.44,10
,1450490763,33.42,5
,1450490892,36.34,7
,1450491021,35,6
,1450491150,36.34,7
,1450491278,42.36,14
,1450491407,33.42,5
,1450491536,35,6
,1450491665,36.34,7
,1450491794,39.44,10
,1450491923,35,6
,1450492052,36.34,7
,1450492181,37.5,8
,1450492310,39.44,10
,1450492438,39.44,10
,1450492567,41.02,12
,1450492696,41.72,13
,1450492825,42.36,14
,1450492954,35,6
,1450493083,33.42,5
,1450493212,33.42,5
,1450493341,35,6
,1450493470,33.42,5
,1450493598,31.48,4
,1450493727,35,6
,1450493856,33.42,5
,1450493985,33.42,5
,1450494114,31.48,4
,1450494243,33.42,5
,1450494372,35,6
,1450494501,31.48,4
,1450494629,39.44,10
,1450494758,33.42,5
,1450494887,36.34,7
,1450495016,33.42,5
,1450495145,33.42,5
,1450495274,31.48,4
,1450495403,31.48,4
,1450495532,31.48,4
,1450495660,31.48,4
,1450495789,31.48,4
,1450495918,44.54,18
,1450496047,31.48,4
,1450496176,31.48,4
,1450496305,31.48,4
,1450496434,31.48,4
,1450496563,33.42,5
,1450496692,31.48,4
,1450496820,31.48,4
,1450496949,31.48,4
,1450497078,31.48,4
,1450497207,31.48,4
,1450497336,33.42,5
,1450497465,31.48,4
,1450497594,31.48,4
,1450497723,31.48,4
,1450497851,33.42,5
,1450497980,31.48,4
,1450498109,33.42,5
,1450498238,41.02,12
,1450498367,33.42,5
,1450498496,31.48,4
,1450498625,31.48,4
,1450498754,33.42,5
,1450498882,31.48,4
,1450499011,31.48,4
,1450499140,31.48,4
,1450499269,31.48,4
,1450499398,31.48,4
,1450499527,31.48,4
,1450499656,31.48,4
,1450499785,31.48,4
,1450499913,31.48,4
,1450500042,33.42,5
,1450500171,31.48,4
,1450500300,31.48,4
,1450500429,40.26,11
,1450500558,31.48,4
,1450500687,31.48,4
,1450500816,40.26,11
,1450500944,33.42,5
,1450501073,31.48,4
,1450501202,31.48,4
,1450501331,33.42,5
,1450501460,33.42,5
,1450501589,31.48,4
,1450501718,33.42,5
,1450501847,31.48,4
,1450501976,31.48,4
,1450502104,31.48,4
,1450502233,31.48,4
,1450502362,35,6
,1450502491,31.48,4
,1450502620,33.42,5
,1450502749,31.48,4
,1450502878,31.48,4
,1450503007,31.48,4
,1450503135,35,6
,1450503264,33.42,5
,1450503393,41.02,12
,1450503522,36.34,7
,1450503651,31.48,4
,1450503780,31.48,4
,1450503909,33.42,5
,1450504038,36.34,7
,1450504166,36.34,7
,1450504295,36.34,7
,1450504424,35,6
,1450504553,40.26,11
,1450504682,36.34,7
,1450504811,35,6
,1450504940,35,6
,1450505069,35,6
,1450505198,33.42,5
,1450505326,33.42,5
,1450505455,31.48,4
,1450505584,35,6
,1450505713,33.42,5
,1450505842,33.42,5
,1450505971,33.42,5
,1450506100,33.42,5
,1450506229,42.36,14
,1450506358,35,6
,1450506487,33.42,5
,1450506615,35,6
,1450506744,33.42,5
,1450506873,38.52,9
,1450507002,36.34,7
,1450507131,33.42,5
,1450507260,33.42,5
,1450507389,37.5,8
,1450507518,35,6
,1450507647,33.42,5
,1450507776,35,6
,1450507904,33.42,5
,1450508033,33.42,5
,1450508162,37.5,8
,1450508291,31.48,4
,1450508420,31.48,4
,1450508549,33.42,5
,1450508678,35,6
,1450508807,37.5,8
,1450508936,31.48,4
,1450509065,33.42,5
,1450509194,33.42,5
,1450509323,31.48,4
,1450509451,31.48,4
,1450509580,33.42,5
,1450509709,33.42,5
,1450509838,33.42,5
,1450509967,36.34,7
,1450510096,38.52,9
,1450510225,33.42,5
,1450510354,36.34,7
,1450510483,35,6
,1450510612,45.01,19
,1450510741,35,6
,1450510870,37.5,8
,1450510998,31.48,4
,1450511127,35,6
,1450511256,38.52,9
,1450511385,33.42,5
,1450511514,35,6
,1450511643,36.34,7
,1450511772,36.34,7
,1450511901,33.42,5
,1450512030,37.5,8
,1450512159,35,6
,1450512288,35,6
,1450512417,35,6
,1450512545,33.42,5
,1450512674,37.5,8
,1450512803,37.5,8
,1450512932,35,6
,1450513061,37.5,8
,1450513190,41.72,13
,1450513319,38.52,9
,1450513448,36.34,7
,1450513577,31.48,4
,1450513706,33.42,5
,1450513835,35,6
,1450513964,33.42,5
,1450514092,42.36,14
,1450514221,38.52,9
,1450514350,41.02,12
,1450514479,35,6
,1450514608,40.26,11
,1450514737,37.5,8
,1450514866,41.72,13
,1450514995,37.5,8
,1450515124,38.52,9
,1450515253,35,6
,1450515382,36.34,7
,1450515511,45.01,19
,1450515640,36.34,7
,1450515769,35,6
,1450515898,37.5,8
,1450516027,42.36,14
,1450516156,44.54,18
,1450516284,36.34,7
,1450516413,41.72,13
,1450516542,40.26,11
,1450516671,38.52,9
,1450516800,35,6
,1450516929,37.5,8
,1450517058,41.72,13
,1450517187,40.26,11
,1450517316,36.34,7
,1450517445,40.26,11
,1450517574,36.34,7
,1450517703,41.72,13
,1450517832,41.02,12
,1450517961,38.52,9
,1450518090,37.5,8
,1450518219,41.72,13
,1450518348,41.72,13
,1450518477,38.52,9
,1450518606,35,6
,1450518735,40.26,11
,1450518864,49.54,32
,1450518993,55.56,64
,1450519122,37.5,8
,1450519251,54.24,55
,1450519380,42.36,14
,1450519509,46.67,23
,1450519638,52.88,47
,1450519767,35,6
,1450519896,40.26,11
,1450520026,42.96,15
,1450520155,45.01,19
,1450520284,36.34,7
,1450520413,49.26,31
,1450520542,41.02,12
,1450520671,42.96,15
,1450520800,37.5,8
,1450520929,41.72,13
,1450521058,44.54,18
,1450521187,44.05,17
,1450521316,44.05,17
,1450521445,38.52,9
,1450521574,48.98,30
,1450521703,42.96,15
,1450521832,53.76,52
,1450521961,49.81,33
,1450522090,41.02,12
,1450522219,38.52,9
,1450522348,46.67,23
,1450522478,36.34,7
,1450522607,56.46,71
,1450522736,42.36,14
,1450522865,41.72,13
,1450522994,53.24,49
,1450523123,41.02,12
,1450523252,39.44,10
,1450523381,33.42,5
,1450523510,44.05,17
,1450523639,48.38,28
,1450523768,40.26,11
,1450523897,42.36,14
,1450524026,40.26,11
,1450524155,35,6
,1450524284,33.42,5
,1450524413,33.42,5
,1450524542,35,6
,1450524671,35,6
,1450524801,41.02,12
,1450524930,36.34,7
,1450525059,33.42,5
,1450525188,33.42,5
,1450525317,36.34,7
,1450525446,38.52,9
,1450525575,38.52,9
,1450525704,35,6
,1450525834,36.34,7
,1450525963,36.34,7
,1450526092,35,6
,1450526221,41.72,13
,1450526350,38.52,9
,1450526480,37.5,8
,1450526609,35,6
,1450526738,39.44,10
,1450526868,36.34,7
,1450526997,40.26,11
,1450527127,38.52,9
,1450527256,37.5,8
,1450527385,40.26,11
,1450527515,39.44,10
,1450527644,45.46,20
,1450527773,47.04,24
,1450527902,38.52,9
,1450528032,46.67,23
,1450528161,41.02,12
,1450528290,41.02,12
,1450528420,42.96,15
,1450528549,41.72,13
,1450528678,40.26,11
,1450528808,37.5,8
,1450528937,41.72,13
,1450529066,37.5,8
,1450529195,41.72,13
,1450529325,39.44,10
,1450529454,39.44,10
,1450529583,41.02,12
,1450529713,45.01,19
,1450529842,40.26,11
,1450529971,41.72,13
,1450530101,44.54,18
,1450530230,49.54,32
,1450530359,46.29,22
,1450530489,53.06,48
,1450530618,46.67,23
,1450530747,41.02,12
,1450530877,40.26,11
,1450531006,45.88,21
,1450531135,56.21,69
,1450531264,41.72,13
,1450531394,39.44,10
,1450531523,41.02,12
,1450531652,42.36,14
,1450531782,42.96,15
,1450531911,45.01,19
,1450532040,50.32,35
,1450532170,49.81,33
,1450532299,54.24,55
,1450532428,39.44,10
,1450532557,42.96,15
,1450532687,42.36,14
,1450532816,42.36,14
,1450532945,40.26,11
,1450533074,40.26,11
,1450533204,40.26,11
,1450533333,41.72,13
,1450533462,48.38,28
,1450533591,41.02,12
,1450533721,40.26,11
,1450533850,39.44,10
,1450533979,41.72,13
,1450534108,40.26,11
,1450534237,37.5,8
,1450534366,56.21,69
,1450534496,41.72,13
,1450534625,45.46,20
,1450534754,38.52,9
,1450534883,49.26,31
,1450535012,48.68,29
,1450535141,44.05,17
,1450535270,44.05,17
,1450535400,45.46,20
,1450535529,45.01,19
,1450535658,52.5,45
,1450535787,53.42,50
,1450535916,41.72,13
,1450536045,54.4,56
,1450536174,39.44,10
,1450536303,44.54,18
,1450536433,36.34,7
,1450536562,50.32,35
,1450536691,53.59,51
,1450536820,45.01,19
,1450536949,37.5,8
,1450537078,36.34,7
,1450537207,39.44,10
,1450537336,41.72,13
,1450537465,44.54,18
,1450537595,42.96,15
,1450537724,38.52,9
,1450537853,42.96,15
,1450537982,39.44,10
,1450538111,41.02,12
,1450538240,35,6
,1450538369,39.44,10
,1450538498,38.52,9
,1450538627,45.01,19
,1450538756,41.72,13
,1450538885,42.36,14
,1450539014,42.36,14
,1450539143,38.52,9
,1450539272,38.52,9
,1450539402,38.52,9
,1450539531,40.26,11
,1450539660,42.96,15
,1450539789,44.05,17
,1450539918,47.04,24
,1450540047,37.5,8
,1450540176,36.34,7
,1450540305,40.26,11
,1450540434,36.34,7
,1450540563,45.01,19
,1450540692,39.44,10
,1450540821,45.88,21
,1450540950,48.38,28
,1450541079,44.54,18
,1450541208,39.44,10
,1450541337,35,6
,1450541466,36.34,7
,1450541595,37.5,8
,1450541724,36.34,7
,1450541853,40.26,11
,1450541982,39.44,10
,1450542111,41.72,13
,1450542240,41.72,13
,1450542369,38.52,9
,1450542498,40.26,11
,1450542627,36.34,7
,1450542756,36.34,7
,1450542885,36.34,7
,1450543014,41.02,12
,1450543143,36.34,7
,1450543272,36.34,7
,1450543401,37.5,8
,1450543530,35,6
,1450543659,41.02,12
,1450543788,35,6
,1450543917,45.88,21
,1450544046,41.02,12
,1450544175,39.44,10
,1450544304,37.5,8
,1450544433,48.98,30
,1450544562,39.44,10
,1450544691,41.02,12
,1450544819,39.44,10
,1450544948,36.34,7
,1450545077,36.34,7
,1450545206,36.34,7
,1450545335,35,6
,1450545464,38.52,9
,1450545593,38.52,9
,1450545722,43.52,16
,1450545851,41.02,12
,1450545980,45.46,20
,1450546109,37.5,8
,1450546238,39.44,10
,1450546367,36.34,7
,1450546496,39.44,10
,1450546625,36.34,7
,1450546754,39.44,10
,1450546883,36.34,7
,1450547012,36.34,7
,1450547141,38.52,9
,1450547270,39.44,10
,1450547399,41.72,13
,1450547528,33.42,5
,1450547657,35,6
,1450547786,46.67,23
,1450547915,43.52,16
,1450548044,36.34,7
,1450548172,36.34,7
,1450548301,36.34,7
,1450548430,38.52,9
,1450548559,36.34,7
,1450548688,35,6
,1450548817,35,6
,1450548946,37.5,8
,1450549075,41.72,13
,1450549204,35,6
,1450549333,33.42,5
,1450549462,33.42,5
,1450549591,38.52,9
,1450549720,33.42,5
,1450549849,37.5,8
,1450549978,36.34,7
,1450550107,35,6
,1450550236,36.34,7
,1450550365,35,6
,1450550494,36.34,7
,1450550622,37.5,8
,1450550751,39.44,10
,1450550880,35,6
,1450551009,43.52,16
,1450551138,36.34,7
,1450551267,41.02,12
,1450551396,36.34,7
,1450551525,35,6
,1450551654,35,6
,1450551783,35,6
,1450551912,37.5,8
,1450552041,43.52,16
,1450552170,36.34,7
,1450552299,33.42,5
,1450552428,41.72,13
,1450552556,45.01,19
,1450552685,39.44,10
,1450552814,41.72,13
,1450552943,36.34,7
,1450553072,35,6
,1450553201,35,6
,1450553330,43.52,16
,1450553459,38.52,9
,1450553588,44.54,18
,1450553717,53.42,50
,1450553846,36.34,7
,1450553975,44.05,17
,1450554104,40.26,11
,1450554232,40.26,11
,1450554361,39.44,10
,1450554490,41.72,13
,1450554619,45.88,21
,1450554748,42.36,14
,1450554877,40.26,11
,1450555006,35,6
,1450555135,40.26,11
,1450555264,37.5,8
,1450555393,45.88,21
,1450555521,40.26,11
,1450555650,36.34,7
,1450555779,37.5,8
,1450555908,33.42,5
,1450556037,35,6
,1450556166,41.02,12
,1450556295,36.34,7
,1450556424,38.52,9
,1450556553,35,6
,1450556682,36.34,7
,1450556810,35,6
,1450556939,33.42,5
,1450557068,41.02,12
,1450557197,40.26,11
,1450557326,40.26,11
,1450557455,36.34,7
,1450557584,37.5,8
,1450557713,35,6
,1450557842,39.44,10
,1450557970,38.52,9
,1450558099,39.44,10
,1450558228,41.72,13
,1450558357,39.44,10
,1450558486,41.02,12
,1450558615,36.34,7
,1450558744,40.26,11
,1450558873,36.34,7
,1450559002,38.52,9
,1450559130,37.5,8
,1450559259,37.5,8
,1450559388,39.44,10
,1450559517,36.34,7
,1450559646,41.72,13
,1450559775,36.34,7
,1450559904,40.26,11
,1450560033,36.34,7
,1450560161,35,6
,1450560290,38.52,9
,1450560419,36.34,7
,1450560548,38.52,9
,1450560677,36.34,7
,1450560806,36.34,7
,1450560935,38.52,9
,1450561063,38.52,9
,1450561192,36.34,7
,1450561321,41.02,12
,1450561450,41.72,13
,1450561579,37.5,8
,1450561708,46.67,23
,1450561837,36.34,7
,1450561966,40.26,11
,1450562094,41.02,12
,1450562223,38.52,9
,1450562352,42.96,15
,1450562481,46.67,23
,1450562610,38.52,9
,1450562739,44.05,17
,1450562868,37.5,8
,1450562996,38.52,9
,1450563125,41.02,12
,1450563254,37.5,8
,1450563383,41.02,12
,1450563512,41.72,13
,1450563641,41.72,13
,1450563770,40.26,11
,1450563898,39.44,10
,1450564027,41.72,13
,1450564156,38.52,9
,1450564285,41.02,12
,1450564414,39.44,10
,1450564543,37.5,8
,1450564672,44.05,17
,1450564800,35,6
,1450564929,39.44,10
,1450565058,42.96,15
,1450565187,37.5,8
,1450565316,43.52,16
,1450565445,36.34,7
,1450565573,41.72,13
,1450565702,41.02,12
,1450565831,45.88,21
,1450565960,42.96,15
,1450566089,38.52,9
,1450566218,38.52,9
,1450566347,48.68,29
,1450566475,38.52,9
,1450566604,36.34,7
,1450566733,39.44,10
,1450566862,37.5,8
,1450566991,41.72,13
,1450567120,41.02,12
,1450567249,45.01,19
,1450567377,39.44,10
,1450567506,39.44,10
,1450567635,38.52,9
,1450567764,42.36,14
,1450567893,41.02,12
,1450568022,35,6
,1450568150,35,6
,1450568279,33.42,5
,1450568408,36.34,7
,1450568537,33.42,5
,1450568666,35,6
,1450568795,38.52,9
,1450568924,35,6
,1450569052,39.44,10
,1450569181,39.44,10
,1450569310,36.34,7
,1450569439,39.44,10
,1450569568,41.02,12
,1450569697,41.72,13
,1450569825,36.34,7
,1450569954,36.34,7
,1450570083,36.34,7
,1450570212,38.52,9
,1450570341,36.34,7
,1450570470,38.52,9
,1450570598,36.34,7
,1450570727,42.36,14
,1450570856,36.34,7
,1450570985,37.5,8
,1450571114,41.02,12
,1450571243,36.34,7
,1450571371,36.34,7
,1450571500,38.52,9
,1450571629,35,6
,1450571758,36.34,7
,1450571887,40.26,11
,1450572016,36.34,7
,1450572144,33.42,5
,1450572273,33.42,5
,1450572402,45.46,20
,1450572531,46.29,22
,1450572660,44.54,18
,1450572789,36.34,7
,1450572917,35,6
,1450573046,35,6
,1450573175,36.34,7
,1450573304,35,6
,1450573433,35,6
,1450573562,38.52,9
,1450573690,37.5,8
,1450573819,36.34,7
,1450573948,37.5,8
,1450574077,35,6
,1450574206,35,6
,1450574335,35,6
,1450574463,35,6
,1450574592,33.42,5
,1450574721,33.42,5
,1450574850,37.5,8
,1450574979,36.34,7
,1450575108,36.34,7
,1450575236,41.02,12
,1450575365,40.26,11
,1450575494,36.34,7
,1450575623,36.34,7
,1450575752,37.5,8
,1450575881,35,6
,1450576009,35,6
,1450576138,35,6
,1450576267,42.96,15
,1450576396,35,6
,1450576525,35,6
,1450576653,39.44,10
,1450576782,33.42,5
,1450576911,39.44,10
,1450577040,36.34,7
,1450577169,36.34,7
,1450577298,35,6
,1450577426,33.42,5
,1450577555,33.42,5
,1450577684,33.42,5
,1450577813,35,6
,1450577942,33.42,5
,1450578071,31.48,4
,1450578199,31.48,4
,1450578328,35,6
,1450578457,33.42,5
,1450578586,36.34,7
,1450578715,33.42,5
,1450578843,35,6
,1450578972,33.42,5
,1450579101,33.42,5
,1450579230,33.42,5
,1450579359,31.48,4
,1450579488,36.34,7
,1450579616,33.42,5
,1450579745,33.42,5
,1450579874,31.48,4
,1450580003,35,6
,1450580132,35,6
,1450580260,31.48,4
,1450580389,33.42,5
,1450580518,33.42,5
,1450580647,33.42,5
,1450580776,35,6
,1450580905,33.42,5
,1450581033,33.42,5
,1450581162,33.42,5
,1450581291,31.48,4
,1450581420,31.48,4
,1450581549,31.48,4
,1450581677,31.48,4
,1450581806,35,6
,1450581935,37.5,8
,1450582064,36.34,7
,1450582193,33.42,5
,1450582322,31.48,4
,1450582450,33.42,5
,1450582579,33.42,5
,1450582708,37.5,8
,1450582837,33.42,5
,1450582966,33.42,5
,1450583094,33.42,5
,1450583223,33.42,5
,1450583352,35,6
,1450583481,33.42,5
,1450583610,33.42,5
,1450583738,31.48,4
,1450583867,33.42,5
,1450583996,31.48,4
,1450584125,31.48,4
,1450584254,33.42,5
,1450584383,33.42,5
,1450584511,31.48,4
,1450584640,33.42,5
,1450584769,35,6
,1450584898,35,6
,1450585027,33.42,5
,1450585155,31.48,4
,1450585284,33.42,5
,1450585413,35,6
,1450585542,35,6
,1450585671,31.48,4
,1450585799,33.42,5
,1450585928,35,6
,1450586057,33.42,5
,1450586186,33.42,5
,1450586315,35,6
,1450586443,33.42,5
,1450586572,36.34,7
,1450586701,41.72,13
,1450586830,33.42,5
,1450586959,31.48,4
,1450587088,31.48,4
,1450587216,33.42,5
,1450587345,33.42,5
,1450587474,33.42,5
,1450587603,31.48,4
,1450587732,35,6
,1450587860,33.42,5
,1450587989,33.42,5
,1450588118,33.42,5
,1450588247,35,6
,1450588376,35,6
,1450588504,33.42,5
,1450588633,33.42,5
,1450588762,33.42,5
,1450588891,33.42,5
,1450589020,33.42,5
,1450589149,33.42,5
,1450589277,33.42,5
,1450589406,33.42,5
,1450589535,36.34,7
,1450589664,31.48,4
,1450589793,33.42,5
,1450589921,33.42,5
,1450590050,33.42,5
,1450590179,33.42,5
,1450590308,35,6
,1450590437,33.42,5
,1450590565,31.48,4
,1450590694,35,6
,1450590823,33.42,5
,1450590952,33.42,5
,1450591081,31.48,4
,1450591210,33.42,5
,1450591338,35,6
,1450591467,37.5,8
,1450591596,33.42,5
,1450591725,33.42,5
,1450591854,35,6
,1450591982,33.42,5
,1450592111,33.42,5
,1450592240,33.42,5
,1450592369,35,6
,1450592498,31.48,4
,1450592627,33.42,5
,1450592755,33.42,5
,1450592884,37.5,8
,1450593013,36.34,7
,1450593142,33.42,5
,1450593271,33.42,5
,1450593399,35,6
,1450593528,33.42,5
,1450593657,31.48,4
,1450593786,33.42,5
,1450593915,31.48,4
,1450594043,33.42,5
,1450594172,33.42,5
,1450594301,33.42,5
,1450594430,38.52,9
,1450594559,41.72,13
,1450594688,36.34,7
,1450594816,35,6
,1450594945,31.48,4
,1450595074,35,6
,1450595203,33.42,5
,1450595332,35,6
,1450595460,31.48,4
,1450595589,31.48,4
,1450595718,33.42,5
,1450595847,31.48,4
,1450595976,35,6
,1450596104,36.34,7
,1450596233,45.46,20
,1450596362,33.42,5
,1450596491,33.42,5
,1450596620,35,6
,1450596748,33.42,5
,1450596877,33.42,5
,1450597006,36.34,7
,1450597135,35,6
,1450597264,33.42,5
,1450597393,33.42,5
,1450597521,35,6
,1450597650,37.5,8
,1450597779,35,6
,1450597908,39.44,10
,1450598037,41.02,12
,1450598165,40.26,11
,1450598294,31.48,4
,1450598423,35,6
,1450598552,31.48,4
,1450598681,36.34,7
,1450598809,35,6
,1450598938,31.48,4
,1450599067,33.42,5
,1450599196,33.42,5
,1450599325,33.42,5
,1450599453,35,6
,1450599582,37.5,8
,1450599711,39.44,10
,1450599840,31.48,4
,1450599969,33.42,5
,1450600097,33.42,5
,1450600226,33.42,5
,1450600355,35,6
,1450600484,33.42,5
,1450600613,33.42,5
,1450600741,40.26,11
,1450600870,36.34,7
,1450600999,36.34,7
,1450601128,33.42,5
,1450601257,35,6
,1450601385,36.34,7
,1450601514,36.34,7
,1450601643,37.5,8
,1450601772,37.5,8
,1450601901,38.52,9
,1450602030,40.26,11
,1450602158,37.5,8
,1450602287,36.34,7
,1450602416,36.34,7
,1450602545,36.34,7
,1450602674,36.34,7
,1450602803,40.26,11
,1450602931,35,6
,1450603060,36.34,7
,1450603189,35,6
,1450603318,38.52,9
,1450603447,45.88,21
,1450603576,50.07,34
,1450603704,38.52,9
,1450603833,35,6
,1450603962,35,6
,1450604091,41.72,13
,1450604220,33.42,5
,1450604349,40.26,11
,1450604478,33.42,5
,1450604606,35,6
,1450604735,36.34,7
,1450604864,35,6
,1450604993,35,6
,1450605122,35,6
,1450605251,35,6
,1450605380,35,6
,1450605509,35,6
,1450605638,35,6
,1450605766,33.42,5
,1450605895,33.42,5
,1450606024,33.42,5
,1450606153,39.44,10
,1450606282,36.34,7
,1450606411,37.5,8
,1450606540,40.26,11
,1450606669,36.34,7
,1450606798,37.5,8
,1450606927,39.44,10
,1450607055,37.5,8
,1450607184,37.5,8
,1450607313,41.72,13
,1450607442,36.34,7
,1450607571,42.36,14
,1450607700,36.34,7
,1450607829,37.5,8
,1450607958,40.26,11
,1450608087,42.36,14
,1450608216,45.46,20
,1450608345,47.4,25
,1450608474,45.01,19
,1450608603,40.26,11
,1450608732,42.36,14
,1450608861,45.01,19
,1450608990,39.44,10
,1450609119,47.4,25
,1450609248,47.04,24
,1450609377,44.54,18
,1450609506,36.34,7
,1450609635,36.34,7
,1450609764,36.34,7
,1450609893,45.01,19
,1450610022,35,6
,1450610151,40.26,11
,1450610280,36.34,7
,1450610409,51.48,40
,1450610538,42.36,14
,1450610668,37.5,8
,1450610797,35,6
,1450610926,36.34,7
,1450611055,41.72,13
,1450611184,36.34,7
,1450611313,36.34,7
,1450611442,41.72,13
,1450611571,39.44,10
,1450611700,40.26,11
,1450611829,35,6
,1450611958,35,6
,1450612087,35,6
,1450612216,38.52,9
,1450612346,37.5,8
,1450612475,37.5,8
,1450612604,40.26,11
,1450612733,41.02,12
,1450612862,38.52,9
,1450612991,36.34,7
,1450613120,36.34,7
,1450613249,42.36,14
,1450613378,35,6
,1450613507,36.34,7
,1450613636,38.52,9
,1450613765,37.5,8
,1450613895,38.52,9
,1450614024,37.5,8
,1450614153,35,6
,1450614282,36.34,7
,1450614411,36.34,7
,1450614540,44.05,17
,1450614669,38.52,9
,1450614798,46.29,22
,1450614927,44.54,18
,1450615056,39.44,10
,1450615185,36.34,7
,1450615314,44.54,18
,1450615443,41.72,13
,1450615572,39.44,10
,1450615701,40.26,11
,1450615830,35,6
,1450615959,38.52,9
,1450616088,35,6
,1450616217,37.5,8
,1450616346,37.5,8
,1450616475,38.52,9
,1450616604,38.52,9
,1450616733,35,6
,1450616862,36.34,7
,1450616991,38.52,9
,1450617120,37.5,8
,1450617249,36.34,7
,1450617378,38.52,9
,1450617507,37.5,8
,1450617636,44.05,17
,1450617765,35,6
,1450617894,35,6
,1450618023,36.34,7
,1450618153,36.34,7
,1450618282,37.5,8
,1450618411,36.34,7
,1450618540,45.01,19
,1450618669,42.36,14
,1450618798,44.05,17
,1450618927,40.26,11
,1450619056,37.5,8
,1450619185,45.01,19
,1450619314,42.96,15
,1450619443,46.67,23
,1450619572,40.26,11
,1450619701,43.52,16
,1450619830,43.52,16
,1450619959,42.36,14
,1450620088,42.96,15
,1450620217,37.5,8
,1450620346,41.72,13
,1450620475,35,6
,1450620604,38.52,9
,1450620733,38.52,9
,1450620862,42.36,14
,1450620991,45.01,19
,1450621119,39.44,10
,1450621248,46.67,23
,1450621377,35,6
,1450621506,36.34,7
,1450621635,36.34,7
,1450621764,36.34,7
,1450621893,36.34,7
,1450622022,40.26,11
,1450622151,42.96,15
,1450622280,35,6
,1450622409,49.54,32
,1450622538,45.01,19
,1450622667,45.01,19
,1450622796,36.34,7
,1450622925,38.52,9
,1450623054,39.44,10
,1450623183,40.26,11
,1450623312,49.81,33
,1450623441,38.52,9
,1450623570,41.02,12
,1450623699,41.02,12
,1450623828,41.02,12
,1450623957,41.02,12
,1450624086,40.26,11
,1450624215,50.32,35
,1450624344,37.5,8
,1450624473,38.52,9
,1450624602,39.44,10
,1450624731,37.5,8
,1450624859,41.02,12
,1450624988,37.5,8
,1450625117,44.05,17
,1450625246,36.34,7
,1450625375,44.05,17
,1450625504,33.42,5
,1450625633,36.34,7
,1450625762,38.52,9
,1450625891,33.42,5
,1450626020,42.36,14
,1450626149,36.34,7
,1450626278,36.34,7
,1450626407,35,6
,1450626536,39.44,10
,1450626665,38.52,9
,1450626794,45.01,19
,1450626923,41.72,13
,1450627051,37.5,8
,1450627180,37.5,8
,1450627309,33.42,5
,1450627438,35,6
,1450627567,39.44,10
,1450627696,44.54,18
,1450627825,40.26,11
,1450627954,45.46,20
,1450628083,36.34,7
,1450628212,41.02,12
,1450628341,42.36,14
,1450628470,36.34,7
,1450628599,35,6
,1450628727,35,6
,1450628856,35,6
,1450628985,40.26,11
,1450629114,38.52,9
,1450629243,35,6
,1450629372,42.96,15
,1450629501,36.34,7
,1450629630,41.72,13
,1450629759,36.34,7
,1450629888,36.34,7
,1450630017,37.5,8
,1450630145,33.42,5
,1450630274,35,6
,1450630403,38.52,9
,1450630532,36.34,7
,1450630661,37.5,8
,1450630790,36.34,7
,1450630919,38.52,9
,1450631048,42.96,15
,1450631177,33.42,5
,1450631306,45.46,20
,1450631435,35,6
,1450631563,35,6
,1450631692,41.02,12
,1450631821,36.34,7
,1450631950,39.44,10
,1450632079,37.5,8
,1450632208,36.34,7
,1450632337,36.34,7
,1450632466,35,6
,1450632595,35,6
,1450632724,35,6
,1450632853,35,6
,1450632982,35,6
,1450633110,40.26,11
,1450633239,38.52,9
,1450633368,33.42,5
,1450633497,36.34,7
,1450633626,37.5,8
,1450633755,33.42,5
,1450633884,36.34,7
,1450634013,38.52,9
,1450634142,33.42,5
,1450634270,35,6
,1450634399,41.02,12
,1450634528,38.52,9
,1450634657,35,6
,1450634786,36.34,7
,1450634915,35,6
,1450635044,37.5,8
,1450635173,36.34,7
,1450635302,39.44,10
,1450635431,39.44,10
,1450635559,38.52,9
,1450635688,33.42,5
,1450635817,35,6
,1450635946,35,6
,1450636075,48.06,27
,1450636204,38.52,9
,1450636333,35,6
,1450636462,35,6
,1450636590,35,6
,1450636719,35,6
,1450636848,43.52,16
,1450636977,41.02,12
,1450637106,33.42,5
,1450637235,35,6
,1450637364,39.44,10
,1450637493,35,6
,1450637621,37.5,8
,1450637750,35,6
,1450637879,35,6
,1450638008,36.34,7
,1450638137,33.42,5
,1450638266,35,6
,1450638395,35,6
,1450638524,35,6
,1450638652,38.52,9
,1450638781,35,6
,1450638910,40.26,11
,1450639039,41.72,13
,1450639168,45.01,19
,1450639297,42.96,15
,1450639426,35,6
,1450639555,42.96,15
,1450639683,35,6
,1450639812,35,6
,1450639941,45.88,21
,1450640070,35,6
,1450640199,36.34,7
,1450640328,35,6
,1450640457,36.34,7
,1450640586,36.34,7
,1450640715,35,6
,1450640843,33.42,5
,1450640972,36.34,7
,1450641101,35,6
,1450641230,41.02,12
,1450641359,40.26,11
,1450641488,35,6
,1450641617,35,6
,1450641745,33.42,5
,1450641874,35,6
,1450642003,35,6
,1450642132,35,6
,1450642261,36.34,7
,1450642390,37.5,8
,1450642519,37.5,8
,1450642648,42.96,15
,1450642776,38.52,9
,1450642905,37.5,8
,1450643034,36.34,7
,1450643163,39.44,10
,1450643292,37.5,8
,1450643421,37.5,8
,1450643550,38.52,9
,1450643679,36.34,7
,1450643807,36.34,7
,1450643936,35,6
,1450644065,33.42,5
,1450644194,33.42,5
,1450644323,33.42,5
,1450644452,36.34,7
,1450644581,35,6
,1450644709,33.42,5
,1450644838,35,6
,1450644967,31.48,4
,1450645096,37.5,8
,1450645225,35,6
,1450645354,35,6
,1450645482,35,6
,1450645611,35,6
,1450645740,37.5,8
,1450645869,33.42,5
,1450645998,35,6
,1450646127,42.36,14
,1450646256,42.36,14
,1450646384,36.34,7
,1450646513,35,6
,1450646642,35,6
,1450646771,31.48,4
,1450646900,33.42,5
,1450647029,33.42,5
,1450647158,33.42,5
,1450647286,35,6
,1450647415,35,6
,1450647544,36.34,7
,1450647673,33.42,5
,1450647802,35,6
,1450647931,35,6
,1450648059,38.52,9
,1450648188,35,6
,1450648317,33.42,5
,1450648446,35,6
,1450648575,33.42,5
,1450648704,33.42,5
,1450648833,33.42,5
,1450648961,35,6
,1450649090,45.46,20
,1450649219,46.67,23
,1450649348,33.42,5
,1450649477,35,6
,1450649606,33.42,5
,1450649734,33.42,5
,1450649863,33.42,5
,1450649992,31.48,4
,1450650121,41.72,13
,1450650250,33.42,5
,1450650379,33.42,5
,1450650508,36.34,7
,1450650636,35,6
,1450650765,35,6
,1450650894,33.42,5
,1450651023,35,6
,1450651152,33.42,5
,1450651281,33.42,5
,1450651410,35,6
,1450651538,33.42,5
,1450651667,33.42,5
,1450651796,31.48,4
,1450651925,36.34,7
,1450652054,31.48,4
,1450652183,31.48,4
,1450652311,36.34,7
,1450652440,33.42,5
,1450652569,35,6
,1450652698,31.48,4
,1450652827,35,6
,1450652956,35,6
,1450653084,33.42,5
,1450653213,33.42,5
,1450653342,31.48,4
,1450653471,31.48,4
,1450653600,33.42,5
,1450653729,35,6
,1450653857,33.42,5
,1450653986,35,6
,1450654115,33.42,5
,1450654244,33.42,5
,1450654373,31.48,4
,1450654502,33.42,5
,1450654630,50.07,34
,1450654759,31.48,4
,1450654888,31.48,4
,1450655017,31.48,4
,1450655146,33.42,5
,1450655275,31.48,4
,1450655403,31.48,4
,1450655532,31.48,4
,1450655661,33.42,5
,1450655790,31.48,4
,1450655919,31.48,4
,1450656048,31.48,4
,1450656176,31.48,4
,1450656305,31.48,4
,1450656434,36.34,7
,1450656563,43.52,16
,1450656692,31.48,4
,1450656820,31.48,4
,1450656949,31.48,4
,1450657078,33.42,5
,1450657207,33.42,5
,1450657336,31.48,4
,1450657464,35,6
,1450657593,33.42,5
,1450657722,33.42,5
,1450657851,33.42,5
,1450657980,33.42,5
,1450658109,33.42,5
,1450658237,33.42,5
,1450658366,33.42,5
,1450658495,31.48,4
,1450658624,31.48,4
,1450658753,31.48,4
,1450658881,31.48,4
,1450659010,31.48,4
,1450659139,31.48,4
,1450659268,33.42,5
,1450659397,33.42,5
,1450659525,37.5,8
,1450659654,35,6
,1450659783,33.42,5
,1450659912,35,6
,1450660041,31.48,4
,1450660169,31.48,4
,1450660298,31.48,4
,1450660427,33.42,5
,1450660556,31.48,4
,1450660684,35,6
,1450660813,33.42,5
,1450660942,33.42,5
,1450661071,33.42,5
,1450661199,31.48,4
,1450661328,31.48,4
,1450661457,33.42,5
,1450661586,31.48,4
,1450661715,31.48,4
,1450661843,31.48,4
,1450661972,31.48,4
,1450662101,31.48,4
,1450662230,33.42,5
,1450662358,33.42,5
,1450662487,33.42,5
,1450662616,31.48,4
,1450662745,36.34,7
,1450662874,33.42,5
,1450663002,33.42,5
,1450663131,33.42,5
,1450663260,33.42,5
,1450663389,31.48,4
,1450663517,31.48,4
,1450663646,31.48,4
,1450663775,31.48,4
,1450663904,31.48,4
,1450664032,31.48,4
,1450664161,33.42,5
,1450664290,31.48,4
,1450664419,31.48,4
,1450664548,31.48,4
,1450664676,31.48,4
,1450664805,31.48,4
,1450664934,31.48,4
,1450665063,31.48,4
,1450665191,38.52,9
,1450665320,35,6
,1450665449,31.48,4
,1450665578,33.42,5
,1450665706,33.42,5
,1450665835,31.48,4
,1450665964,33.42,5
,1450666093,31.48,4
,1450666221,33.42,5
,1450666350,31.48,4
,1450666479,31.48,4
,1450666608,33.42,5
,1450666736,33.42,5
,1450666865,31.48,4
,1450666994,31.48,4
,1450667123,31.48,4
,1450667251,31.48,4
,1450667380,31.48,4
,1450667509,31.48,4
,1450667638,31.48,4
,1450667767,31.48,4
,1450667895,31.48,4
,1450668024,31.48,4
,1450668153,31.48,4
,1450668282,33.42,5
,1450668410,31.48,4
,1450668539,33.42,5
,1450668668,35,6
,1450668797,33.42,5
,1450668925,33.42,5
,1450669054,33.42,5
,1450669183,33.42,5
,1450669312,33.42,5
,1450669440,31.48,4
,1450669569,31.48,4
,1450669698,31.48,4
,1450669827,33.42,5
,1450669955,31.48,4
,1450670084,31.48,4
,1450670213,33.42,5
,1450670342,31.48,4
,1450670470,31.48,4
,1450670599,31.48,4
,1450670728,31.48,4
,1450670857,31.48,4
,1450670985,31.48,4
,1450671114,33.42,5
,1450671243,33.42,5
,1450671371,31.48,4
,1450671500,33.42,5
,1450671629,33.42,5
,1450671758,31.48,4
,1450671886,35,6
,1450672015,31.48,4
,1450672144,35,6
,1450672273,31.48,4
,1450672401,33.42,5
,1450672530,31.48,4
,1450672659,31.48,4
,1450672788,33.42,5
,1450672916,31.48,4
,1450673045,31.48,4
,1450673174,31.48,4
,1450673303,33.42,5
,1450673431,33.42,5
,1450673560,35,6
,1450673689,36.34,7
,1450673818,33.42,5
,1450673946,35,6
,1450674075,31.48,4
,1450674204,31.48,4
,1450674333,31.48,4
,1450674461,31.48,4
,1450674590,31.48,4
,1450674719,35,6
,1450674847,31.48,4
,1450674976,33.42,5
,1450675105,37.5,8
,1450675234,31.48,4
,1450675362,33.42,5
,1450675491,33.42,5
,1450675620,38.52,9
,1450675749,33.42,5
,1450675877,36.34,7
,1450676006,33.42,5
,1450676135,33.42,5
,1450676264,31.48,4
,1450676392,33.42,5
,1450676521,33.42,5
,1450676650,33.42,5
,1450676779,31.48,4
,1450676907,33.42,5
,1450677036,45.88,21
,1450677165,37.5,8
,1450677294,39.44,10
,1450677422,33.42,5
,1450677551,33.42,5
,1450677680,37.5,8
,1450677808,33.42,5
,1450677937,40.26,11
,1450678066,33.42,5
,1450678195,33.42,5
,1450678323,35,6
,1450678452,31.48,4
,1450678581,39.44,10
,1450678710,45.01,19
,1450678838,45.46,20
,1450678967,33.42,5
,1450679096,35,6
,1450679224,33.42,5
,1450679353,35,6
,1450679482,35,6
,1450679611,33.42,5
,1450679739,33.42,5
,1450679868,31.48,4
,1450679997,31.48,4
,1450680125,33.42,5
,1450680254,35,6
,1450680383,41.02,12
,1450680512,35,6
,1450680640,45.88,21
,1450680769,41.72,13
,1450680898,31.48,4
,1450681026,33.42,5
,1450681155,35,6
,1450681284,33.42,5
,1450681413,33.42,5
,1450681541,33.42,5
,1450681670,35,6
,1450681799,37.5,8
,1450681927,36.34,7
,1450682056,37.5,8
,1450682185,35,6
,1450682314,39.44,10
,1450682442,42.36,14
,1450682571,44.05,17
,1450682700,36.34,7
,1450682828,38.52,9
,1450682957,38.52,9
,1450683086,35,6
,1450683215,39.44,10
,1450683343,36.34,7
,1450683472,35,6
,1450683601,37.5,8
,1450683729,35,6
,1450683858,35,6
,1450683987,35,6
,1450684115,41.02,12
,1450684244,44.05,17
,1450684373,35,6
,1450684502,37.5,8
,1450684630,35,6
,1450684759,33.42,5
,1450684888,36.34,7
,1450685016,35,6
,1450685145,35,6
,1450685274,35,6
,1450685403,33.42,5
,1450685531,33.42,5
,1450685660,33.42,5
,1450685789,33.42,5
,1450685917,35,6
,1450686046,39.44,10
,1450686175,33.42,5
,1450686304,35,6
,1450686432,33.42,5
,1450686561,35,6
,1450686690,33.42,5
,1450686818,33.42,5
,1450686947,35,6
,1450687076,36.34,7
,1450687205,33.42,5
,1450687333,38.52,9
,1450687462,33.42,5
,1450687591,36.34,7
,1450687720,35,6
,1450687848,39.44,10
,1450687977,36.34,7
,1450688106,35,6
,1450688235,35,6
,1450688363,35,6
,1450688492,37.5,8
,1450688621,37.5,8
,1450688749,31.48,4
,1450688878,37.5,8
,1450689007,38.52,9
,1450689136,46.29,22
,1450689264,33.42,5
,1450689393,33.42,5
,1450689522,35,6
,1450689651,36.34,7
,1450689780,33.42,5
,1450689908,35,6
,1450690037,35,6
,1450690166,45.01,19
,1450690295,38.52,9
,1450690423,33.42,5
,1450690552,42.96,15
,1450690681,38.52,9
,1450690810,44.54,18
,1450690939,35,6
,1450691067,35,6
,1450691196,37.5,8
,1450691325,41.02,12
,1450691454,38.52,9
,1450691583,36.34,7
,1450691711,38.52,9
,1450691840,37.5,8
,1450691969,36.34,7
,1450692098,41.02,12
,1450692227,35,6
,1450692356,41.02,12
,1450692485,37.5,8
,1450692613,36.34,7
,1450692742,37.5,8
,1450692871,36.34,7
,1450693000,38.52,9
,1450693129,36.34,7
,1450693258,48.06,27
,1450693387,35,6
,1450693516,36.34,7
,1450693645,35,6
,1450693774,36.34,7
,1450693904,41.72,13
,1450694033,35,6
,1450694162,39.44,10
,1450694291,44.54,18
,1450694420,38.52,9
,1450694549,35,6
,1450694678,35,6
,1450694807,33.42,5
,1450694936,35,6
,1450695065,42.96,15
,1450695195,37.5,8
,1450695324,35,6
,1450695453,33.42,5
,1450695583,36.34,7
,1450695712,38.52,9
,1450695842,40.26,11
,1450695971,39.44,10
,1450696100,42.36,14
,1450696229,38.52,9
,1450696359,39.44,10
,1450696488,39.44,10
,1450696617,41.72,13
,1450696746,42.96,15
,1450696875,35,6
,1450697004,36.34,7
,1450697133,36.34,7
,1450697262,39.44,10
,1450697391,44.54,18
,1450697520,38.52,9
,1450697649,39.44,10
,1450697779,48.06,27
,1450697908,44.05,17
,1450698037,44.54,18
,1450698166,41.72,13
,1450698295,41.72,13
,1450698425,43.52,16
,1450698554,42.96,15
,1450698683,46.29,22
,1450698812,43.52,16
,1450698941,42.36,14
,1450699070,47.04,24
,1450699199,50.32,35
,1450699328,48.06,27
,1450699457,46.67,23
,1450699586,39.44,10
,1450699715,39.44,10
,1450699844,47.4,25
,1450699973,44.54,18
,1450700102,45.01,19
,1450700231,44.54,18
,1450700360,43.52,16
,1450700489,43.52,16
,1450700618,42.36,14
,1450700747,45.01,19
,1450700876,39.44,10
,1450701004,37.5,8
,1450701133,37.5,8
,1450701262,42.36,14
,1450701391,39.44,10
,1450701520,38.52,9
,1450701649,37.5,8
,1450701778,37.5,8
,1450701907,41.02,12
,1450702036,44.54,18
,1450702165,38.52,9
,1450702294,38.52,9
,1450702423,38.52,9
,1450702552,37.5,8
,1450702680,41.72,13
,1450702809,42.36,14
,1450702938,41.02,12
,1450703067,40.26,11
,1450703196,41.72,13
,1450703325,37.5,8
,1450703454,37.5,8
,1450703583,38.52,9
,1450703712,46.29,22
,1450703841,46.29,22
,1450703970,41.02,12
,1450704099,47.4,25
,1450704228,39.44,10
,1450704357,39.44,10
,1450704486,39.44,10
,1450704615,37.5,8
,1450704744,38.52,9
,1450704873,37.5,8
,1450705002,37.5,8
,1450705131,37.5,8
,1450705260,39.44,10
,1450705389,38.52,9
,1450705517,39.44,10
,1450705646,39.44,10
,1450705775,36.34,7
,1450705904,37.5,8
,1450706033,47.04,24
,1450706162,40.26,11
,1450706291,45.01,19
,1450706420,43.52,16
,1450706549,41.02,12
,1450706678,37.5,8
,1450706807,41.02,12
,1450706935,43.52,16
,1450707064,49.81,33
,1450707193,41.02,12
,1450707322,42.96,15
,1450707451,39.44,10
,1450707580,38.52,9
,1450707709,49.54,32
,1450707838,40.26,11
,1450707966,43.52,16
,1450708095,36.34,7
,1450708224,40.26,11
,1450708353,47.4,25
,1450708482,41.02,12
,1450708611,47.4,25
,1450708739,38.52,9
,1450708868,38.52,9
,1450708997,37.5,8
,1450709126,42.36,14
,1450709255,42.36,14
,1450709384,40.26,11
,1450709512,37.5,8
,1450709641,36.34,7
,1450709770,36.34,7
,1450709899,42.96,15
,1450710028,35,6
,1450710157,38.52,9
,1450710285,36.34,7
,1450710414,38.52,9
,1450710543,38.52,9
,1450710672,38.52,9
,1450710801,37.5,8
,1450710929,41.72,13
,1450711058,37.5,8
,1450711187,37.5,8
,1450711316,38.52,9
,1450711445,42.96,15
,1450711573,42.96,15
,1450711702,42.96,15
,1450711831,42.36,14
,1450711960,37.5,8
,1450712089,44.05,17
,1450712217,38.52,9
,1450712346,36.34,7
,1450712475,38.52,9
,1450712604,36.34,7
,1450712732,37.5,8
,1450712861,37.5,8
,1450712990,44.05,17
,1450713119,38.52,9
,1450713248,38.52,9
,1450713376,35,6
,1450713505,37.5,8
,1450713634,45.46,20
,1450713763,37.5,8
,1450713892,38.52,9
,1450714020,42.96,15
,1450714149,40.26,11
,1450714278,45.88,21
,1450714407,39.44,10
,1450714536,37.5,8
,1450714664,36.34,7
,1450714793,40.26,11
,1450714922,42.96,15
,1450715051,42.96,15
,1450715179,41.72,13
,1450715308,38.52,9
,1450715437,43.52,16
,1450715566,41.72,13
,1450715695,44.05,17
,1450715823,39.44,10
,1450715952,36.34,7
,1450716081,36.34,7
,1450716210,36.34,7
,1450716339,37.5,8
,1450716467,35,6
,1450716596,41.02,12
,1450716725,41.72,13
,1450716854,43.52,16
,1450716983,37.5,8
,1450717111,36.34,7
,1450717240,38.52,9
,1450717369,41.72,13
,1450717498,39.44,10
,1450717627,35,6
,1450717755,36.34,7
,1450717884,39.44,10
,1450718013,38.52,9
,1450718142,39.44,10
,1450718271,39.44,10
,1450718399,41.02,12
,1450718528,35,6
,1450718657,40.26,11
,1450718786,41.02,12
,1450718915,36.34,7
,1450719043,36.34,7
,1450719172,35,6
,1450719301,36.34,7
,1450719430,37.5,8
,1450719559,35,6
,1450719688,38.52,9
,1450719816,35,6
,1450719945,36.34,7
,1450720074,35,6
,1450720203,36.34,7
,1450720332,33.42,5
,1450720460,39.44,10
,1450720589,35,6
,1450720718,36.34,7
,1450720847,44.05,17
,1450720976,36.34,7
,1450721104,37.5,8
,1450721233,40.26,11
,1450721362,36.34,7
,1450721491,35,6
,1450721620,35,6
,1450721749,35,6
,1450721877,36.34,7
,1450722006,37.5,8
,1450722135,42.96,15
,1450722264,36.34,7
,1450722393,35,6
,1450722521,40.26,11
,1450722650,35,6
,1450722779,35,6
,1450722908,33.42,5
,1450723037,33.42,5
,1450723166,36.34,7
,1450723294,35,6
,1450723423,44.54,18
,1450723552,43.52,16
,1450723681,35,6
,1450723810,38.52,9
,1450723938,37.5,8
,1450724067,36.34,7
,1450724196,36.34,7
,1450724325,33.42,5
,1450724454,39.44,10
,1450724583,39.44,10
,1450724711,35,6
,1450724840,36.34,7
,1450724969,35,6
,1450725098,33.42,5
,1450725227,35,6
,1450725355,36.34,7
,1450725484,35,6
,1450725613,38.52,9
,1450725742,35,6
,1450725871,33.42,5
,1450725999,33.42,5
,1450726128,41.02,12
,1450726257,44.05,17
,1450726386,35,6
,1450726515,33.42,5
,1450726644,35,6
,1450726772,35,6
,1450726901,36.34,7
,1450727030,33.42,5
,1450727159,35,6
,1450727288,33.42,5
,1450727416,36.34,7
,1450727545,39.44,10
,1450727674,33.42,5
,1450727803,33.42,5
,1450727932,35,6
,1450728060,37.5,8
,1450728189,35,6
,1450728318,33.42,5
,1450728447,36.34,7
,1450728576,35,6
,1450728704,35,6
,1450728833,36.34,7
,1450728962,35,6
,1450729091,36.34,7
,1450729220,33.42,5
,1450729348,35,6
,1450729477,36.34,7
,1450729606,38.52,9
,1450729735,46.67,23
,1450729864,33.42,5
,1450729992,35,6
,1450730121,39.44,10
,1450730250,36.34,7
,1450730379,35,6
,1450730508,35,6
,1450730637,38.52,9
,1450730765,33.42,5
,1450730894,37.5,8
,1450731023,33.42,5
,1450731152,33.42,5
,1450731281,33.42,5
,1450731409,33.42,5
,1450731538,36.34,7
,1450731667,36.34,7
,1450731796,35,6
,1450731925,35,6
,1450732053,33.42,5
,1450732182,35,6
,1450732311,42.36,14
,1450732440,33.42,5
,1450732569,36.34,7
,1450732697,36.34,7
,1450732826,33.42,5
,1450732955,37.5,8
,1450733084,35,6
,1450733213,37.5,8
,1450733341,35,6
,1450733470,36.34,7
,1450733599,35,6
,1450733728,39.44,10
,1450733857,33.42,5
,1450733985,31.48,4
,1450734114,36.34,7
,1450734243,40.26,11
,1450734372,39.44,10
,1450734500,33.42,5
,1450734629,36.34,7
,1450734758,41.02,12
,1450734887,33.42,5
,1450735016,33.42,5
,1450735144,37.5,8
,1450735273,38.52,9
,1450735402,37.5,8
,1450735531,33.42,5
,1450735660,38.52,9
,1450735788,36.34,7
,1450735917,36.34,7
,1450736046,36.34,7
,1450736175,35,6
,1450736304,38.52,9
,1450736432,39.44,10
,1450736561,40.26,11
,1450736690,35,6
,1450736819,37.5,8
,1450736948,33.42,5
,1450737076,42.36,14
,1450737205,35,6
,1450737334,39.44,10
,1450737463,33.42,5
,1450737592,35,6
,1450737720,33.42,5
,1450737849,36.34,7
,1450737978,37.5,8
,1450738107,40.26,11
,1450738235,36.34,7
,1450738364,36.34,7
,1450738493,36.34,7
,1450738622,36.34,7
,1450738751,37.5,8
,1450738879,37.5,8
,1450739008,39.44,10
,1450739137,33.42,5
,1450739266,36.34,7
,1450739395,39.44,10
,1450739523,35,6
,1450739652,35,6
,1450739781,36.34,7
,1450739910,36.34,7
,1450740039,37.5,8
,1450740167,33.42,5
,1450740296,36.34,7
,1450740425,35,6
,1450740554,39.44,10
,1450740683,35,6
,1450740811,36.34,7
,1450740940,35,6
,1450741069,41.02,12
,1450741198,41.72,13
,1450741326,37.5,8
,1450741455,35,6
,1450741584,35,6
,1450741713,36.34,7
,1450741842,36.34,7
,1450741970,36.34,7
,1450742099,38.52,9
,1450742228,37.5,8
,1450742357,35,6
,1450742486,33.42,5
,1450742614,33.42,5
,1450742743,36.34,7
,1450742872,31.48,4
,1450743001,31.48,4
,1450743130,33.42,5
,1450743258,31.48,4
,1450743387,31.48,4
,1450743516,33.42,5
,1450743645,31.48,4
,1450743774,31.48,4
,1450743902,33.42,5
,1450744031,36.34,7
,1450744160,33.42,5
,1450744289,33.42,5
,1450744418,33.42,5
,1450744546,31.48,4
,1450744675,36.34,7
,1450744804,33.42,5
,1450744933,36.34,7
,1450745062,33.42,5
,1450745191,37.5,8
,1450745319,36.34,7
,1450745448,31.48,4
,1450745577,31.48,4
,1450745706,31.48,4
,1450745835,33.42,5
,1450745963,33.42,5
,1450746092,33.42,5
,1450746221,31.48,4
,1450746350,33.42,5
,1450746479,37.5,8
,1450746607,31.48,4
,1450746736,33.42,5
,1450746865,35,6
,1450746994,33.42,5
,1450747123,35,6
,1450747251,33.42,5
,1450747380,33.42,5
,1450747509,33.42,5
,1450747638,31.48,4
,1450747767,36.34,7
,1450747895,33.42,5
,1450748024,33.42,5
,1450748153,35,6
,1450748282,33.42,5
,1450748410,33.42,5
,1450748539,33.42,5
,1450748668,33.42,5
,1450748797,35,6
,1450748926,33.42,5
,1450749054,33.42,5
,1450749183,33.42,5
,1450749312,31.48,4
,1450749441,31.48,4
,1450749570,33.42,5
,1450749698,31.48,4
,1450749827,33.42,5
,1450749956,33.42,5
,1450750085,33.42,5
,1450750214,38.52,9
,1450750342,33.42,5
,1450750471,33.42,5
,1450750600,31.48,4
,1450750729,36.34,7
,1450750858,31.48,4
,1450750986,33.42,5
,1450751115,33.42,5
,1450751244,36.34,7
,1450751373,31.48,4
,1450751502,31.48,4
,1450751630,33.42,5
,1450751759,33.42,5
,1450751888,33.42,5
,1450752017,33.42,5
,1450752146,33.42,5
,1450752274,31.48,4
,1450752403,31.48,4
,1450752532,33.42,5
,1450752661,33.42,5
,1450752789,35,6
,1450752918,35,6
,1450753047,33.42,5
,1450753176,35,6
,1450753305,31.48,4
,1450753433,35,6
,1450753562,31.48,4
,1450753691,33.42,5
,1450753820,33.42,5
,1450753949,31.48,4
,1450754077,38.52,9
,1450754206,33.42,5
,1450754335,33.42,5
,1450754464,33.42,5
,1450754593,33.42,5
,1450754721,35,6
,1450754850,35,6
,1450754979,33.42,5
,1450755108,33.42,5
,1450755237,31.48,4
,1450755365,31.48,4
,1450755494,36.34,7
,1450755623,33.42,5
,1450755752,33.42,5
,1450755881,36.34,7
,1450756009,33.42,5
,1450756138,35,6
,1450756267,33.42,5
,1450756396,33.42,5
,1450756524,35,6
,1450756653,31.48,4
,1450756782,33.42,5
,1450756911,33.42,5
,1450757040,31.48,4
,1450757168,33.42,5
,1450757297,31.48,4
,1450757426,31.48,4
,1450757555,31.48,4
,1450757684,35,6
,1450757812,39.44,10
,1450757941,33.42,5
,1450758070,33.42,5
,1450758199,33.42,5
,1450758328,33.42,5
,1450758456,31.48,4
,1450758585,31.48,4
,1450758714,33.42,5
,1450758843,33.42,5
,1450758972,33.42,5
,1450759100,33.42,5
,1450759229,33.42,5
,1450759358,33.42,5
,1450759487,33.42,5
,1450759615,35,6
,1450759744,31.48,4
,1450759873,33.42,5
,1450760002,33.42,5
,1450760131,33.42,5
,1450760259,35,6
,1450760388,33.42,5
,1450760517,33.42,5
,1450760646,36.34,7
,1450760775,31.48,4
,1450760903,36.34,7
,1450761032,33.42,5
,1450761161,31.48,4
,1450761290,33.42,5
,1450761419,33.42,5
,1450761547,33.42,5
,1450761676,31.48,4
,1450761805,33.42,5
,1450761934,33.42,5
,1450762062,33.42,5
,1450762191,45.88,21
,1450762320,35,6
,1450762449,33.42,5
,1450762578,31.48,4
,1450762706,31.48,4
,1450762835,33.42,5
,1450762964,33.42,5
,1450763093,33.42,5
,1450763222,36.34,7
,1450763350,35,6
,1450763479,33.42,5
,1450763608,36.34,7
,1450763737,35,6
,1450763866,36.34,7
,1450763994,36.34,7
,1450764123,36.34,7
,1450764252,36.34,7
,1450764381,36.34,7
,1450764510,35,6
,1450764638,35,6
,1450764767,46.67,23
,1450764896,33.42,5
,1450765025,33.42,5
,1450765154,36.34,7
,1450765282,33.42,5
,1450765411,35,6
,1450765540,35,6
,1450765669,33.42,5
,1450765798,35,6
,1450765926,45.01,19
,1450766055,38.52,9
,1450766184,35,6
,1450766313,35,6
,1450766442,45.01,19
,1450766570,35,6
,1450766699,33.42,5
,1450766828,36.34,7
,1450766957,36.34,7
,1450767086,35,6
,1450767215,35,6
,1450767343,38.52,9
,1450767472,33.42,5
,1450767601,36.34,7
,1450767730,35,6
,1450767859,37.5,8
,1450767987,36.34,7
,1450768116,39.44,10
,1450768245,39.44,10
,1450768374,41.02,12
,1450768503,36.34,7
,1450768632,35,6
,1450768760,36.34,7
,1450768889,36.34,7
,1450769018,37.5,8
,1450769147,37.5,8
,1450769276,36.34,7
,1450769404,36.34,7
,1450769533,36.34,7
,1450769662,37.5,8
,1450769791,35,6
,1450769920,45.46,20
,1450770048,37.5,8
,1450770177,37.5,8
,1450770306,36.34,7
,1450770435,35,6
,1450770564,39.44,10
,1450770693,37.5,8
,1450770821,37.5,8
,1450770950,35,6
,1450771079,40.26,11
,1450771208,39.44,10
,1450771337,37.5,8
,1450771465,45.46,20
,1450771594,38.52,9
,1450771723,37.5,8
,1450771852,33.42,5
,1450771981,37.5,8
,1450772109,35,6
,1450772238,38.52,9
,1450772367,39.44,10
,1450772496,46.29,22
,1450772625,37.5,8
,1450772754,38.52,9
,1450772882,41.72,13
,1450773011,55.28,62
,1450773140,48.06,27
,1450773269,42.36,14
,1450773398,36.34,7
,1450773526,38.52,9
,1450773655,37.5,8
,1450773784,36.34,7
,1450773913,39.44,10
,1450774042,41.02,12
,1450774170,39.44,10
,1450774299,35,6
,1450774428,44.05,17
,1450774557,35,6
,1450774686,35,6
,1450774815,39.44,10
,1450774943,38.52,9
,1450775072,36.34,7
,1450775201,36.34,7
,1450775330,35,6
,1450775459,36.34,7
,1450775588,43.52,16
,1450775716,42.36,14
,1450775845,45.01,19
,1450775974,38.52,9
,1450776103,37.5,8
,1450776232,41.02,12
,1450776361,42.36,14
,1450776489,37.5,8
,1450776618,46.29,22
,1450776747,38.52,9
,1450776876,38.52,9
,1450777005,44.54,18
,1450777134,42.96,15
,1450777263,45.46,20
,1450777391,37.5,8
,1450777520,36.34,7
,1450777649,41.72,13
,1450777778,37.5,8
,1450777907,37.5,8
,1450778036,37.5,8
,1450778165,37.5,8
,1450778293,37.5,8
,1450778422,41.02,12
,1450778551,50.8,37
,1450778680,37.5,8
,1450778809,38.52,9
,1450778938,35,6
,1450779067,36.34,7
,1450779196,36.34,7
,1450779324,35,6
,1450779453,41.02,12
,1450779582,41.02,12
,1450779711,46.29,22
,1450779840,35,6
,1450779969,39.44,10
,1450780098,40.26,11
,1450780227,39.44,10
,1450780356,42.96,15
,1450780484,39.44,10
,1450780613,38.52,9
,1450780742,39.44,10
,1450780871,37.5,8
,1450781000,37.5,8
,1450781129,36.34,7
,1450781258,36.34,7
,1450781387,37.5,8
,1450781516,46.67,23
,1450781644,39.44,10
,1450781773,40.26,11
,1450781902,36.34,7
,1450782031,36.34,7
,1450782160,36.34,7
,1450782289,41.02,12
,1450782418,36.34,7
,1450782547,40.26,11
,1450782676,37.5,8
,1450782804,43.52,16
,1450782933,36.34,7
,1450783062,35,6
,1450783191,35,6
,1450783320,44.54,18
,1450783449,37.5,8
,1450783578,38.52,9
,1450783707,42.96,15
,1450783836,39.44,10
,1450783965,43.52,16
,1450784094,38.52,9
,1450784223,37.5,8
,1450784351,36.34,7
,1450784480,38.52,9
,1450784609,37.5,8
,1450784738,42.96,15
,1450784867,37.5,8
,1450784996,37.5,8
,1450785125,42.96,15
,1450785254,47.4,25
,1450785383,38.52,9
,1450785512,38.52,9
,1450785641,39.44,10
,1450785770,43.52,16
,1450785899,37.5,8
,1450786028,42.96,15
,1450786157,35,6
,1450786286,37.5,8
,1450786414,38.52,9
,1450786543,37.5,8
,1450786672,46.67,23
,1450786801,38.52,9
,1450786930,41.02,12
,1450787059,37.5,8
,1450787188,38.52,9
,1450787317,37.5,8
,1450787446,38.52,9
,1450787575,45.46,20
,1450787704,38.52,9
,1450787833,35,6
,1450787962,37.5,8
,1450788091,37.5,8
,1450788220,36.34,7
,1450788349,36.34,7
,1450788478,36.34,7
,1450788607,39.44,10
,1450788736,41.72,13
,1450788865,49.26,31
,1450788993,40.26,11
,1450789122,35,6
,1450789251,42.96,15
,1450789380,42.96,15
,1450789509,47.04,24
,1450789638,40.26,11
,1450789767,38.52,9
,1450789896,42.96,15
,1450790025,41.02,12
,1450790154,43.52,16
,1450790283,44.05,17
,1450790412,45.88,21
,1450790541,45.01,19
,1450790670,46.29,22
,1450790799,39.44,10
,1450790928,40.26,11
,1450791057,45.46,20
,1450791186,39.44,10
,1450791315,37.5,8
,1450791444,42.36,14
,1450791573,42.96,15
,1450791702,36.34,7
,1450791831,40.26,11
,1450791960,37.5,8
,1450792089,40.26,11
,1450792218,40.26,11
,1450792346,38.52,9
,1450792475,40.26,11
,1450792604,41.02,12
,1450792733,38.52,9
,1450792862,36.34,7
,1450792991,45.01,19
,1450793120,36.34,7
,1450793249,38.52,9
,1450793378,43.52,16
,1450793507,36.34,7
,1450793636,36.34,7
,1450793765,39.44,10
,1450793894,42.96,15
,1450794023,40.26,11
,1450794152,37.5,8
,1450794281,40.26,11
,1450794410,39.44,10
,1450794539,36.34,7
,1450794668,40.26,11
,1450794796,48.68,29
,1450794925,37.5,8
,1450795054,38.52,9
,1450795183,42.96,15
,1450795312,41.72,13
,1450795441,40.26,11
,1450795570,36.34,7
,1450795699,42.96,15
,1450795828,36.34,7
,1450795957,33.42,5
,1450796086,39.44,10
,1450796215,36.34,7
,1450796344,36.34,7
,1450796473,37.5,8
,1450796602,40.26,11
,1450796731,41.72,13
,1450796860,36.34,7
,1450796989,41.02,12
,1450797118,37.5,8
,1450797246,40.26,11
,1450797375,36.34,7
,1450797504,47.04,24
,1450797633,36.34,7
,1450797762,40.26,11
,1450797891,39.44,10
,1450798020,41.72,13
,1450798149,36.34,7
,1450798278,41.02,12
,1450798407,36.34,7
,1450798536,42.96,15
,1450798665,41.72,13
,1450798794,37.5,8
,1450798923,37.5,8
,1450799052,38.52,9
,1450799180,39.44,10
,1450799309,36.34,7
,1450799438,35,6
,1450799567,39.44,10
,1450799696,38.52,9
,1450799825,37.5,8
,1450799954,37.5,8
,1450800083,37.5,8
,1450800212,41.02,12
,1450800341,37.5,8
,1450800470,38.52,9
,1450800599,37.5,8
,1450800728,38.52,9
,1450800857,36.34,7
,1450800985,37.5,8
,1450801114,36.34,7
,1450801243,37.5,8
,1450801372,36.34,7
,1450801501,38.52,9
,1450801630,41.72,13
,1450801759,36.34,7
,1450801888,37.5,8
,1450802017,37.5,8
,1450802146,42.36,14
,1450802275,38.52,9
,1450802403,41.02,12
,1450802532,36.34,7
,1450802661,35,6
,1450802790,38.52,9
,1450802919,37.5,8
,1450803048,38.52,9
,1450803177,42.36,14
,1450803306,37.5,8
,1450803435,36.34,7
,1450803564,39.44,10
,1450803693,41.02,12
,1450803821,36.34,7
,1450803950,35,6
,1450804079,35,6
,1450804208,36.34,7
,1450804337,41.72,13
,1450804466,35,6
,1450804595,36.34,7
,1450804724,38.52,9
,1450804853,42.96,15
,1450804982,37.5,8
,1450805110,37.5,8
,1450805239,36.34,7
,1450805368,36.34,7
,1450805497,44.05,17
,1450805626,36.34,7
,1450805755,46.67,23
,1450805884,36.34,7
,1450806013,39.44,10
,1450806142,41.02,12
,1450806270,44.54,18
,1450806399,42.96,15
,1450806528,45.01,19
,1450806657,37.5,8
,1450806786,41.02,12
,1450806915,41.02,12
,1450807044,37.5,8
,1450807173,40.26,11
,1450807302,42.36,14
,1450807430,41.02,12
,1450807559,41.02,12
,1450807688,38.52,9
,1450807817,39.44,10
,1450807946,38.52,9
,1450808075,41.72,13
,1450808204,50.32,35
,1450808333,45.46,20
,1450808462,43.52,16
,1450808591,44.54,18
,1450808719,38.52,9
,1450808848,39.44,10
,1450808977,38.52,9
,1450809106,44.54,18
,1450809235,41.02,12
,1450809364,43.52,16
,1450809493,45.01,19
,1450809622,44.05,17
,1450809751,42.36,14
,1450809880,40.26,11
,1450810008,38.52,9
,1450810137,40.26,11
,1450810266,44.05,17
,1450810395,45.88,21
,1450810524,43.52,16
,1450810653,41.02,12
,1450810782,37.5,8
,1450810911,41.02,12
,1450811040,37.5,8
,1450811169,39.44,10
,1450811297,38.52,9
,1450811426,42.36,14
,1450811555,37.5,8
,1450811684,36.34,7
,1450811813,36.34,7
,1450811942,38.52,9
,1450812071,38.52,9
,1450812200,44.54,18
,1450812328,39.44,10
,1450812457,36.34,7
,1450812586,35,6
,1450812715,42.96,15
,1450812844,44.05,17
,1450812973,37.5,8
,1450813102,37.5,8
,1450813230,36.34,7
,1450813359,40.26,11
,1450813488,44.54,18
,1450813617,36.34,7
,1450813746,35,6
,1450813875,36.34,7
,1450814004,35,6
,1450814132,37.5,8
,1450814261,38.52,9
,1450814390,39.44,10
,1450814519,37.5,8
,1450814648,36.34,7
,1450814777,38.52,9
,1450814905,35,6
,1450815034,39.44,10
,1450815163,36.34,7
,1450815292,36.34,7
,1450815421,42.96,15
,1450815550,35,6
,1450815679,41.72,13
,1450815807,39.44,10
,1450815936,39.44,10
,1450816065,39.44,10
,1450816194,38.52,9
,1450816323,38.52,9
,1450816452,36.34,7
,1450816580,46.29,22
,1450816709,35,6
,1450816838,36.34,7
,1450816967,35,6
,1450817096,36.34,7
,1450817225,39.44,10
,1450817353,37.5,8
,1450817482,36.34,7
,1450817611,36.34,7
,1450817740,37.5,8
,1450817869,36.34,7
,1450817998,37.5,8
,1450818126,44.54,18
,1450818255,43.52,16
,1450818384,35,6
,1450818513,35,6
,1450818642,40.26,11
,1450818771,35,6
,1450818899,36.34,7
,1450819028,36.34,7
,1450819157,35,6
,1450819286,37.5,8
,1450819415,41.72,13
,1450819544,49.81,33
,1450819672,41.02,12
,1450819801,37.5,8
,1450819930,37.5,8
,1450820059,38.52,9
,1450820188,38.52,9
,1450820317,36.34,7
,1450820445,37.5,8
,1450820574,38.52,9
,1450820703,38.52,9
,1450820832,45.01,19
,1450820961,37.5,8
,1450821090,40.26,11
,1450821218,33.42,5
,1450821347,37.5,8
,1450821476,41.72,13
,1450821605,38.52,9
,1450821734,42.96,15
,1450821862,38.52,9
,1450821991,40.26,11
,1450822120,36.34,7
,1450822249,45.01,19
,1450822378,37.5,8
,1450822507,36.34,7
,1450822635,35,6
,1450822764,35,6
,1450822893,36.34,7
,1450823022,33.42,5
,1450823151,39.44,10
,1450823279,37.5,8
,1450823408,41.02,12
,1450823537,39.44,10
,1450823666,39.44,10
,1450823795,38.52,9
,1450823924,38.52,9
,1450824052,41.02,12
,1450824181,39.44,10
,1450824310,38.52,9
,1450824439,36.34,7
,1450824568,35,6
,1450824696,36.34,7
,1450824825,38.52,9
,1450824954,42.96,15
,1450825083,36.34,7
,1450825212,36.34,7
,1450825341,36.34,7
,1450825469,40.26,11
,1450825598,41.72,13
,1450825727,37.5,8
,1450825856,39.44,10
,1450825985,38.52,9
,1450826113,31.48,4
,1450826242,38.52,9
,1450826371,33.42,5
,1450826500,33.42,5
,1450826629,33.42,5
,1450826757,35,6
,1450826886,33.42,5
,1450827015,33.42,5
,1450827144,33.42,5
,1450827273,31.48,4
,1450827402,35,6
,1450827530,36.34,7
,1450827659,39.44,10
,1450827788,31.48,4
,1450827917,33.42,5
,1450828046,33.42,5
,1450828174,35,6
,1450828303,33.42,5
,1450828432,31.48,4
,1450828561,33.42,5
,1450828690,33.42,5
,1450828818,35,6
,1450828947,33.42,5
,1450829076,33.42,5
,1450829205,35,6
,1450829334,35,6
,1450829463,33.42,5
,1450829591,31.48,4
,1450829720,31.48,4
,1450829849,35,6
,1450829978,36.34,7
,1450830107,33.42,5
,1450830235,33.42,5
,1450830364,33.42,5
,1450830493,31.48,4
,1450830622,31.48,4
,1450830751,31.48,4
,1450830879,31.48,4
,1450831008,31.48,4
,1450831137,31.48,4
,1450831266,33.42,5
,1450831395,33.42,5
,1450831523,31.48,4
,1450831652,31.48,4
,1450831781,31.48,4
,1450831910,33.42,5
,1450832039,28.98,3
,1450832167,31.48,4
,1450832296,33.42,5
,1450832425,31.48,4
,1450832554,31.48,4
,1450832683,33.42,5
,1450832811,35,6
,1450832940,31.48,4
,1450833069,33.42,5
,1450833198,33.42,5
,1450833327,33.42,5
,1450833455,33.42,5
,1450833584,31.48,4
,1450833713,33.42,5
,1450833842,35,6
,1450833970,31.48,4
,1450834099,33.42,5
,1450834228,33.42,5
,1450834357,31.48,4
,1450834486,31.48,4
,1450834614,33.42,5
,1450834743,31.48,4
,1450834872,31.48,4
,1450835001,31.48,4
,1450835129,31.48,4
,1450835258,33.42,5
,1450835387,31.48,4
,1450835516,33.42,5
,1450835645,31.48,4
,1450835773,33.42,5
,1450835902,31.48,4
,1450836031,31.48,4
,1450836160,31.48,4
,1450836288,31.48,4
,1450836417,31.48,4
,1450836546,33.42,5
,1450836675,31.48,4
,1450836803,31.48,4
,1450836932,33.42,5
,1450837061,31.48,4
,1450837190,31.48,4
,1450837319,37.5,8
,1450837447,31.48,4
,1450837576,31.48,4
,1450837705,33.42,5
,1450837834,33.42,5
,1450837962,31.48,4
,1450838091,33.42,5
,1450838220,31.48,4
,1450838349,33.42,5
,1450838477,31.48,4
,1450838606,31.48,4
,1450838735,31.48,4
,1450838864,28.98,3
,1450838992,33.42,5
,1450839121,31.48,4
,1450839250,31.48,4
,1450839379,31.48,4
,1450839508,31.48,4
,1450839636,31.48,4
,1450839765,33.42,5
,1450839894,31.48,4
,1450840023,31.48,4
,1450840151,31.48,4
,1450840280,31.48,4
,1450840409,31.48,4
,1450840538,35,6
,1450840666,33.42,5
,1450840795,31.48,4
,1450840924,33.42,5
,1450841053,33.42,5
,1450841181,33.42,5
,1450841310,35,6
,1450841439,33.42,5
,1450841568,31.48,4
,1450841696,31.48,4
,1450841825,33.42,5
,1450841954,31.48,4
,1450842083,31.48,4
,1450842211,31.48,4
,1450842340,31.48,4
,1450842469,31.48,4
,1450842598,31.48,4
,1450842726,31.48,4
,1450842855,33.42,5
,1450842984,31.48,4
,1450843113,31.48,4
,1450843241,33.42,5
,1450843370,33.42,5
,1450843499,31.48,4
,1450843628,33.42,5
,1450843756,31.48,4
,1450843885,33.42,5
,1450844014,33.42,5
,1450844143,31.48,4
,1450844271,31.48,4
,1450844400,33.42,5
,1450844529,33.42,5
,1450844658,33.42,5
,1450844786,35,6
,1450844915,31.48,4
,1450845044,31.48,4
,1450845172,35,6
,1450845301,31.48,4
,1450845430,31.48,4
,1450845559,33.42,5
,1450845687,33.42,5
,1450845816,33.42,5
,1450845945,31.48,4
,1450846074,33.42,5
,1450846202,33.42,5
,1450846331,31.48,4
,1450846460,31.48,4
,1450846589,31.48,4
,1450846717,31.48,4
,1450846846,35,6
,1450846975,36.34,7
,1450847104,31.48,4
,1450847232,31.48,4
,1450847361,33.42,5
,1450847490,33.42,5
,1450847618,31.48,4
,1450847747,33.42,5
,1450847876,31.48,4
,1450848005,37.5,8
,1450848133,31.48,4
,1450848262,33.42,5
,1450848391,31.48,4
,1450848520,33.42,5
,1450848648,31.48,4
,1450848777,31.48,4
,1450848906,31.48,4
,1450849034,31.48,4
,1450849163,33.42,5
,1450849292,31.48,4
,1450849421,31.48,4
,1450849549,31.48,4
,1450849678,31.48,4
,1450849807,33.42,5
,1450849936,35,6
,1450850064,31.48,4
,1450850193,33.42,5
,1450850322,31.48,4
,1450850450,31.48,4
,1450850579,31.48,4
,1450850708,33.42,5
,1450850837,36.34,7
,1450850965,33.42,5
,1450851094,33.42,5
,1450851223,31.48,4
,1450851351,35,6
,1450851480,33.42,5
,1450851609,31.48,4
,1450851738,31.48,4
,1450851866,31.48,4
,1450851995,31.48,4
,1450852124,33.42,5
,1450852253,33.42,5
,1450852381,31.48,4
,1450852510,33.42,5
,1450852639,36.34,7
,1450852767,40.26,11
,1450852896,31.48,4
,1450853025,31.48,4
,1450853154,41.02,12
,1450853282,31.48,4
,1450853411,35,6
,1450853540,33.42,5
,1450853668,33.42,5
,1450853797,33.42,5
,1450853926,33.42,5
,1450854055,31.48,4
,1450854183,39.44,10
,1450854312,31.48,4
,1450854441,37.5,8
,1450854569,33.42,5
,1450854698,33.42,5
,1450854827,41.72,13
,1450854956,35,6
,1450855084,35,6
,1450855213,41.72,13
,1450855342,46.29,22
,1450855470,37.5,8
,1450855599,33.42,5
,1450855728,31.48,4
,1450855856,33.42,5
,1450855985,33.42,5
,1450856114,33.42,5
,1450856243,53.76,52
,1450856371,35,6
,1450856500,44.54,18
,1450856629,35,6
,1450856757,47.04,24
,1450856886,45.01,19
,1450857015,44.54,18
,1450857143,33.42,5
,1450857272,33.42,5
,1450857401,35,6
,1450857530,41.02,12
,1450857658,36.34,7
,1450857787,33.42,5
,1450857916,36.34,7
,1450858044,42.36,14
,1450858173,41.72,13
,1450858302,33.42,5
,1450858430,35,6
,1450858559,33.42,5
,1450858688,33.42,5
,1450858817,37.5,8
,1450858945,33.42,5
,1450859074,31.48,4
,1450859203,33.42,5
,1450859331,36.34,7
,1450859460,33.42,5
,1450859589,35,6
,1450859717,33.42,5
,1450859846,33.42,5
,1450859975,35,6
,1450860103,35,6
,1450860232,43.52,16
,1450860361,31.48,4
,1450860490,33.42,5
,1450860618,45.88,21
,1450860747,57.17,77
,1450860876,57.05,76
,1450861004,52.88,47
,1450861133,52.31,44
,1450861262,52.5,45
,1450861391,51.03,38
,1450861519,51.48,40
,1450861648,50.8,37
,1450861777,52.69,46
,1450861905,52.11,43
,1450862034,50.56,36
,1450862163,52.5,45
,1450862292,53.24,49
,1450862420,51.48,40
,1450862549,51.9,42
,1450862678,51.69,41
,1450862807,51.26,39
,1450862935,52.69,46
,1450863064,52.5,45
,1450863193,52.11,43
,1450863322,52.11,43
,1450863450,52.11,43
,1450863579,51.69,41
,1450863708,61.09,121
,1450863837,35,6
,1450863965,38.52,9
,1450864094,37.5,8
,1450864223,51.03,38
,1450864352,42.36,14
,1450864481,36.34,7
,1450864610,45.88,21
,1450864738,40.26,11
,1450864867,48.38,28
,1450864996,43.52,16
,1450865125,39.44,10
,1450865254,41.02,12
,1450865383,39.44,10
,1450865512,38.52,9
,1450865641,42.96,15
,1450865770,38.52,9
,1450865899,46.67,23
,1450866028,42.96,15
,1450866157,37.5,8
,1450866286,42.96,15
,1450866415,38.52,9
,1450866544,39.44,10
,1450866673,41.02,12
,1450866803,39.44,10
,1450866932,37.5,8
,1450867061,36.34,7
,1450867190,39.44,10
,1450867320,36.34,7
,1450867449,36.34,7
,1450867578,37.5,8
,1450867708,36.34,7
,1450867837,39.44,10
,1450867967,35,6
,1450868096,37.5,8
,1450868226,39.44,10
,1450868355,35,6
,1450868485,45.88,21
,1450868614,36.34,7
,1450868744,38.52,9
,1450868873,35,6
,1450869003,37.5,8
,1450869133,35,6
,1450869262,36.34,7
,1450869392,36.34,7
,1450869522,36.34,7
,1450869652,37.5,8
,1450869782,36.34,7
,1450869912,36.34,7
,1450870041,36.34,7
,1450870171,36.34,7
,1450870301,52.11,43
,1450870431,36.34,7
,1450870561,44.54,18
,1450870691,38.52,9
,1450870821,47.74,26
,1450870951,39.44,10
,1450871081,38.52,9
,1450871211,41.02,12
,1450871341,36.34,7
,1450871472,43.52,16
,1450871602,45.88,21
,1450871732,38.52,9
,1450871862,36.34,7
,1450871992,41.02,12
,1450872122,40.26,11
,1450872252,36.34,7
,1450872382,36.34,7
,1450872513,36.34,7
,1450872643,37.5,8
,1450872773,37.5,8
,1450872903,35,6
,1450873033,35,6
,1450873164,40.26,11
,1450873294,37.5,8
,1450873424,36.34,7
,1450873554,37.5,8
,1450873684,44.54,18
,1450873814,39.44,10
,1450873945,36.34,7
,1450874075,36.34,7
,1450874205,40.26,11
,1450874335,36.34,7
,1450874465,33.42,5
,1450874595,33.42,5
,1450874725,41.72,13
,1450874854,36.34,7
,1450874984,35,6
,1450875113,36.34,7
,1450875243,35,6
,1450875373,40.26,11
,1450875502,35,6
,1450875632,36.34,7
,1450875761,39.44,10
,1450875890,38.52,9
,1450876020,35,6
,1450876149,36.34,7
,1450876279,33.42,5
,1450876408,36.34,7
,1450876538,35,6
,1450876667,37.5,8
,1450876797,46.67,23
,1450876926,41.72,13
,1450877056,42.36,14
,1450877186,39.44,10
,1450877315,37.5,8
,1450877445,35,6
,1450877575,45.01,19
,1450877704,44.05,17
,1450877834,42.36,14
,1450877963,46.67,23
,1450878093,37.5,8
,1450878223,46.67,23
,1450878352,38.52,9
,1450878481,41.72,13
,1450878611,41.72,13
,1450878740,43.52,16
,1450878870,44.05,17
,1450878999,39.44,10
,1450879128,36.34,7
,1450879258,40.26,11
,1450879387,37.5,8
,1450879516,38.52,9
,1450879645,37.5,8
,1450879775,42.36,14
,1450879904,41.02,12
,1450880033,37.5,8
,1450880162,37.5,8
,1450880292,41.02,12
,1450880421,35,6
,1450880550,35,6
,1450880679,35,6
,1450880808,50.8,37
,1450880937,36.34,7
,1450881067,35,6
,1450881196,33.42,5
,1450881325,35,6
,1450881454,35,6
,1450881583,35,6
,1450881712,36.34,7
,1450881841,35,6
,1450881970,33.42,5
,1450882100,35,6
,1450882229,36.34,7
,1450882358,36.34,7
,1450882487,36.34,7
,1450882616,35,6
,1450882745,40.26,11
,1450882875,33.42,5
,1450883004,45.01,19
,1450883133,36.34,7
,1450883262,37.5,8
,1450883391,42.36,14
,1450883520,37.5,8
,1450883649,36.34,7
,1450883779,37.5,8
,1450883908,37.5,8
,1450884037,36.34,7
,1450884166,35,6
,1450884295,41.72,13
,1450884424,35,6
,1450884553,36.34,7
,1450884682,36.34,7
,1450884811,36.34,7
,1450884940,44.05,17
,1450885069,37.5,8
,1450885198,43.52,16
,1450885327,36.34,7
,1450885456,40.26,11
,1450885585,48.38,28
,1450885714,35,6
,1450885843,42.96,15
,1450885972,37.5,8
,1450886100,47.4,25
,1450886229,38.52,9
,1450886358,41.02,12
,1450886487,39.44,10
,1450886616,43.52,16
,1450886745,40.26,11
,1450886874,41.02,12
,1450887003,36.34,7
,1450887132,35,6
,1450887261,41.02,12
,1450887390,36.34,7
,1450887518,38.52,9
,1450887647,36.34,7
,1450887776,37.5,8
,1450887905,35,6
,1450888034,40.26,11
,1450888163,36.34,7
,1450888292,40.26,11
,1450888421,33.42,5
,1450888549,42.36,14
,1450888678,36.34,7
,1450888807,35,6
,1450888936,37.5,8
,1450889065,37.5,8
,1450889194,38.52,9
,1450889323,52.11,43
,1450889451,43.52,16
,1450889580,38.52,9
,1450889709,35,6
,1450889838,38.52,9
,1450889967,35,6
,1450890096,35,6
,1450890225,39.44,10
,1450890353,38.52,9
,1450890482,38.52,9
,1450890611,37.5,8
,1450890740,41.02,12
,1450890869,44.05,17
,1450890998,41.02,12
,1450891126,38.52,9
,1450891255,40.26,11
,1450891384,38.52,9
,1450891513,37.5,8
,1450891642,40.26,11
,1450891771,44.54,18
,1450891899,35,6
,1450892028,35,6
,1450892157,35,6
,1450892286,37.5,8
,1450892415,36.34,7
,1450892544,33.42,5
,1450892672,35,6
,1450892801,38.52,9
,1450892930,35,6
,1450893059,36.34,7
,1450893188,36.34,7
,1450893316,45.46,20
,1450893445,37.5,8
,1450893574,40.26,11
,1450893703,36.34,7
,1450893832,33.42,5
,1450893961,35,6
,1450894089,45.88,21
,1450894218,43.52,16
,1450894347,38.52,9
,1450894476,36.34,7
,1450894605,41.72,13
,1450894733,41.02,12
,1450894862,37.5,8
,1450894991,41.02,12
,1450895120,33.42,5
,1450895249,36.34,7
,1450895377,33.42,5
,1450895506,36.34,7
,1450895635,38.52,9
,1450895764,41.72,13
,1450895893,36.34,7
,1450896021,36.34,7
,1450896150,41.72,13
,1450896279,36.34,7
,1450896408,37.5,8
,1450896537,37.5,8
,1450896665,42.96,15
,1450896794,38.52,9
,1450896923,40.26,11
,1450897052,35,6
,1450897181,37.5,8
,1450897309,35,6
,1450897438,38.52,9
,1450897567,39.44,10
,1450897696,43.52,16
,1450897825,35,6
,1450897953,35,6
,1450898082,36.34,7
,1450898211,37.5,8
,1450898340,44.05,17
,1450898469,46.29,22
,1450898597,33.42,5
,1450898726,33.42,5
,1450898855,33.42,5
,1450898984,36.34,7
,1450899113,33.42,5
,1450899241,36.34,7
,1450899370,38.52,9
,1450899499,36.34,7
,1450899628,36.34,7
,1450899756,33.42,5
,1450899885,36.34,7
,1450900014,36.34,7
,1450900143,35,6
,1450900272,37.5,8
,1450900400,38.52,9
,1450900529,33.42,5
,1450900658,35,6
,1450900787,44.05,17
,1450900915,35,6
,1450901044,54.55,57
,1450901173,37.5,8
,1450901302,36.34,7
,1450901431,35,6
,1450901559,35,6
,1450901688,35,6
,1450901817,33.42,5
,1450901946,35,6
,1450902074,33.42,5
,1450902203,35,6
,1450902332,38.52,9
,1450902461,47.04,24
,1450902590,35,6
,1450902718,35,6
,1450902847,37.5,8
,1450902976,37.5,8
,1450903105,33.42,5
,1450903233,33.42,5
,1450903362,36.34,7
,1450903491,33.42,5
,1450903620,33.42,5
,1450903749,38.52,9
,1450903877,35,6
,1450904006,35,6
,1450904135,36.34,7
,1450904264,39.44,10
,1450904392,36.34,7
,1450904521,40.26,11
,1450904650,37.5,8
,1450904779,37.5,8
,1450904908,36.34,7
,1450905036,41.72,13
,1450905165,37.5,8
,1450905294,37.5,8
,1450905423,37.5,8
,1450905551,39.44,10
,1450905680,45.01,19
,1450905809,38.52,9
,1450905938,38.52,9
,1450906067,33.42,5
,1450906195,35,6
,1450906324,35,6
,1450906453,33.42,5
,1450906582,33.42,5
,1450906710,31.48,4
,1450906839,33.42,5
,1450906968,35,6
,1450907097,33.42,5
,1450907226,33.42,5
,1450907354,41.02,12
,1450907483,46.67,23
,1450907612,36.34,7
,1450907741,42.36,14
,1450907869,41.02,12
,1450907998,35,6
,1450908127,41.72,13
,1450908256,33.42,5
,1450908385,36.34,7
,1450908513,39.44,10
,1450908642,35,6
,1450908771,35,6
,1450908900,33.42,5
,1450909028,35,6
,1450909157,36.34,7
,1450909286,33.42,5
,1450909415,35,6
,1450909544,33.42,5
,1450909672,37.5,8
,1450909801,39.44,10
,1450909930,33.42,5
,1450910059,35,6
,1450910187,33.42,5
,1450910316,33.42,5
,1450910445,37.5,8
,1450910574,37.5,8
,1450910703,35,6
,1450910831,35,6
,1450910960,36.34,7
,1450911089,35,6
,1450911218,35,6
,1450911346,36.34,7
,1450911475,35,6
,1450911604,38.52,9
,1450911733,36.34,7
,1450911862,33.42,5
,1450911990,36.34,7
,1450912119,33.42,5
,1450912248,35,6
,1450912377,38.52,9
,1450912505,33.42,5
,1450912634,33.42,5
,1450912763,35,6
,1450912892,45.46,20
,1450913021,40.26,11
,1450913149,33.42,5
,1450913278,37.5,8
,1450913407,35,6
,1450913536,35,6
,1450913664,33.42,5
,1450913793,41.02,12
,1450913922,33.42,5
,1450914051,39.44,10
,1450914179,35,6
,1450914308,37.5,8
,1450914437,33.42,5
,1450914566,36.34,7
,1450914695,35,6
,1450914823,45.46,20
,1450914952,33.42,5
,1450915081,33.42,5
,1450915210,33.42,5
,1450915338,37.5,8
,1450915467,33.42,5
,1450915596,33.42,5
,1450915725,35,6
,1450915854,36.34,7
,1450915982,33.42,5
,1450916111,31.48,4
,1450916240,31.48,4
,1450916369,33.42,5
,1450916497,35,6
,1450916626,35,6
,1450916755,31.48,4
,1450916884,47.04,24
,1450917012,33.42,5
,1450917141,33.42,5
,1450917270,33.42,5
,1450917399,33.42,5
,1450917527,31.48,4
,1450917656,33.42,5
,1450917785,41.02,12
,1450917914,33.42,5
,1450918043,33.42,5
,1450918171,31.48,4
,1450918300,33.42,5
,1450918429,31.48,4
,1450918558,33.42,5
,1450918686,31.48,4
,1450918815,33.42,5
,1450918944,33.42,5
,1450919073,33.42,5
,1450919201,33.42,5
,1450919330,33.42,5
,1450919459,31.48,4
,1450919588,33.42,5
,1450919716,33.42,5
,1450919845,33.42,5
,1450919974,33.42,5
,1450920103,35,6
,1450920231,38.52,9
,1450920360,33.42,5
,1450920489,33.42,5
,1450920618,33.42,5
,1450920747,33.42,5
,1450920875,31.48,4
,1450921004,33.42,5
,1450921133,31.48,4
,1450921262,33.42,5
,1450921390,38.52,9
,1450921519,33.42,5
,1450921648,31.48,4
,1450921777,36.34,7
,1450921905,33.42,5
,1450922034,33.42,5
,1450922163,35,6
,1450922292,31.48,4
,1450922420,38.52,9
,1450922549,31.48,4
,1450922678,31.48,4
,1450922807,35,6
,1450922935,31.48,4
,1450923064,33.42,5
,1450923193,33.42,5
,1450923322,31.48,4
,1450923450,33.42,5
,1450923579,31.48,4
,1450923708,33.42,5
,1450923837,33.42,5
,1450923965,35,6
,1450924094,33.42,5
,1450924223,33.42,5
,1450924352,33.42,5
,1450924480,33.42,5
,1450924609,31.48,4
,1450924738,33.42,5
,1450924867,33.42,5
,1450924995,35,6
,1450925124,31.48,4
,1450925253,33.42,5
,1450925382,35,6
,1450925510,31.48,4
,1450925639,31.48,4
,1450925768,33.42,5
,1450925897,31.48,4
,1450926026,33.42,5
,1450926154,31.48,4
,1450926283,33.42,5
,1450926412,33.42,5
,1450926541,35,6
,1450926669,33.42,5
,1450926798,33.42,5
,1450926927,31.48,4
,1450927056,33.42,5
,1450927184,33.42,5
,1450927313,33.42,5
,1450927442,35,6
,1450927571,31.48,4
,1450927699,31.48,4
,1450927828,31.48,4
,1450927957,31.48,4
,1450928086,38.52,9
,1450928214,31.48,4
,1450928343,31.48,4
,1450928472,31.48,4
,1450928601,33.42,5
,1450928729,31.48,4
,1450928858,31.48,4
,1450928987,33.42,5
,1450929116,31.48,4
,1450929244,38.52,9
,1450929373,31.48,4
,1450929502,33.42,5
,1450929631,33.42,5
,1450929760,33.42,5
,1450929888,33.42,5
,1450930017,31.48,4
,1450930146,33.42,5
,1450930275,33.42,5
,1450930403,33.42,5
,1450930532,33.42,5
,1450930661,33.42,5
,1450930790,31.48,4
,1450930918,33.42,5
,1450931047,31.48,4
,1450931176,35,6
,1450931305,33.42,5
,1450931433,33.42,5
,1450931562,35,6
,1450931691,31.48,4
,1450931820,33.42,5
,1450931948,36.34,7
,1450932077,33.42,5
,1450932206,45.01,19
,1450932335,31.48,4
,1450932463,31.48,4
,1450932592,33.42,5
,1450932721,31.48,4
,1450932850,33.42,5
,1450932978,33.42,5
,1450933107,31.48,4
,1450933236,36.34,7
,1450933365,33.42,5
,1450933493,33.42,5
,1450933622,31.48,4
,1450933751,33.42,5
,1450933880,35,6
,1450934008,33.42,5
,1450934137,33.42,5
,1450934266,31.48,4
,1450934395,37.5,8
,1450934523,33.42,5
,1450934652,31.48,4
,1450934781,33.42,5
,1450934910,33.42,5
,1450935038,35,6
,1450935167,39.44,10
,1450935296,44.54,18
,1450935425,33.42,5
,1450935553,33.42,5
,1450935682,35,6
,1450935811,31.48,4
,1450935940,33.42,5
,1450936068,31.48,4
,1450936197,33.42,5
,1450936326,31.48,4
,1450936455,35,6
,1450936583,36.34,7
,1450936712,35,6
,1450936841,33.42,5
,1450936970,36.34,7
,1450937098,35,6
,1450937227,36.34,7
,1450937356,31.48,4
,1450937485,33.42,5
,1450937613,33.42,5
,1450937742,33.42,5
,1450937871,35,6
,1450938000,35,6
,1450938128,35,6
,1450938257,35,6
,1450938386,35,6
,1450938515,41.72,13
,1450938643,33.42,5
,1450938772,53.42,50
,1450938901,43.52,16
,1450939030,35,6
,1450939158,35,6
,1450939287,38.52,9
,1450939416,36.34,7
,1450939545,33.42,5
,1450939674,35,6
,1450939802,37.5,8
,1450939931,38.52,9
,1450940060,33.42,5
,1450940189,36.34,7
,1450940317,33.42,5
,1450940446,35,6
,1450940575,40.26,11
,1450940704,31.48,4
,1450940832,35,6
,1450940961,35,6
,1450941090,35,6
,1450941219,33.42,5
,1450941348,33.42,5
,1450941476,38.52,9
,1450941605,35,6
,1450941734,44.54,18
,1450941863,45.88,21
,1450941991,35,6
,1450942120,33.42,5
,1450942249,41.02,12
,1450942378,35,6
,1450942507,33.42,5
,1450942635,35,6
,1450942764,33.42,5
,1450942893,35,6
,1450943022,36.34,7
,1450943150,36.34,7
,1450943279,35,6
,1450943408,41.72,13
,1450943537,40.26,11